-- OBSOLÈTE — superseded par 14_etl_v2_domaines_missions_checklists.sql (regroupement
-- éditorial réel en domaines/missions avec narratifs, prérequis et DoD ; phase déplacée
-- de missions vers domaines). Ne plus exécuter ce fichier. Conservé pour l'historique.
-- Généré depuis src/tmp/*.md par l'ETL strict (scratchpad/etl). Ne pas éditer à la main.
-- À exécuter APRÈS la migration 0028_wipe_for_etl_rebuild.sql.

insert into _20260725_poles (id, name, sort_order) values
  ('759db7f6-8d47-460f-8754-baea591431a2', 'Pilotage & coordination', 10),
  ('bdd44145-ff24-44cb-adf3-4a74b2681ba0', 'Lieu & prestataires', 20),
  ('ab97c7cf-49ef-4d53-9e64-91f29373261b', 'Invités & accueil', 30),
  ('f02c7440-3d52-4216-bb63-86928043c6b8', 'Cérémonie & animation', 40),
  ('bbeb427d-9a6c-41d9-8f8b-624e582f2c72', 'Restauration & boissons', 50),
  ('6f004e0c-8a42-43fd-9c30-5e4006373c0f', 'Décoration & ambiance', 60),
  ('9d792a90-9ca5-4b1c-b5fe-afc0f8cc8d5c', 'Image & souvenirs', 70),
  ('930afd51-a6dd-47e0-8d73-097b5f72e87d', 'Confort invités', 80),
  ('cb48860b-9a4b-4b29-bc81-c07868fd3f08', 'Matériel & logistique', 90),
  ('cb0d44f8-01c8-40ec-a668-647665f452b8', 'Tenues & préparation personnelle', 100),
  ('79df4bec-f6b7-4e10-b9b8-30c53925de79', 'Finance & administratif', 110);

insert into _20260725_domaines (id, name, slug, sort_order, pole_id) values
  ('71060fc6-f150-4a6b-900e-1d372056e185', 'Budget & administratif', 'budget-administratif', 10, '79df4bec-f6b7-4e10-b9b8-30c53925de79'),
  ('7273cd66-d557-47eb-8913-b811c2748252', 'Lieu / Grand Arbre', 'lieu-grand-arbre', 20, 'bdd44145-ff24-44cb-adf3-4a74b2681ba0'),
  ('0b9421b4-b770-4735-bb79-06e99b3c224f', 'Traiteurs externes & spécialités', 'traiteurs-externes-specialites', 30, 'bbeb427d-9a6c-41d9-8f8b-624e582f2c72'),
  ('ebbe9c23-8f04-429e-9681-139ca1f6ee73', 'Boissons — acquisition & stock', 'boissons-acquisition-stock', 40, 'bbeb427d-9a6c-41d9-8f8b-624e582f2c72'),
  ('7e7f4cdc-ed5e-4660-85f7-4aa13d4210b3', 'Boissons — acheminement', 'boissons-acheminement', 50, 'bbeb427d-9a6c-41d9-8f8b-624e582f2c72'),
  ('eaecdb24-4eaa-45d6-8161-13ac195819d8', 'Boissons — service', 'boissons-service', 60, 'bbeb427d-9a6c-41d9-8f8b-624e582f2c72'),
  ('8eaacd92-4d2f-4038-83c1-1bf55abd6eb2', 'Logistique & matériel', 'logistique-materiel', 70, 'cb48860b-9a4b-4b29-bc81-c07868fd3f08'),
  ('25e715e3-72f6-4ba9-b9cd-07b15b1832a7', 'RSVP', 'rsvp', 80, 'ab97c7cf-49ef-4d53-9e64-91f29373261b'),
  ('b09245da-b9fd-40ad-90a3-49f59c51a1a8', 'Hébergement invités', 'hebergement-invites', 90, 'ab97c7cf-49ef-4d53-9e64-91f29373261b'),
  ('fff964ee-23d3-466f-b5b8-83dc8b6250c1', 'Transport invités', 'transport-invites', 100, 'ab97c7cf-49ef-4d53-9e64-91f29373261b'),
  ('84c4d732-380c-4a86-b39b-206fb0f45156', 'DJ & Playlist', 'dj-playlist', 110, 'f02c7440-3d52-4216-bb63-86928043c6b8'),
  ('526ff6b1-4fd7-4f42-91fc-6201e0ae42de', 'Photographe / Vidéaste', 'photographe-videaste', 120, '9d792a90-9ca5-4b1c-b5fe-afc0f8cc8d5c'),
  ('5ba39a3a-6005-4924-af82-2a57be918bc4', 'Décoration', 'decoration', 130, '6f004e0c-8a42-43fd-9c30-5e4006373c0f'),
  ('00009b5d-bb0d-4708-97c7-8ca8c5c538df', 'Tenue Sarah', 'tenue-sarah', 140, 'cb0d44f8-01c8-40ec-a668-647665f452b8'),
  ('8f3cc990-560f-4058-8128-d217a6158c3e', 'Tenue Jordan', 'tenue-jordan', 150, 'cb0d44f8-01c8-40ec-a668-647665f452b8'),
  ('49567e46-c5ed-4223-aad3-0b38a88f0148', 'Discours / MC', 'discours-mc', 160, 'f02c7440-3d52-4216-bb63-86928043c6b8'),
  ('827408da-ee7a-4a14-b154-10fc95623039', 'Coordination générale & déroulé', 'coordination-generale-deroule', 170, '759db7f6-8d47-460f-8754-baea591431a2'),
  ('6984a595-3e8b-4bf7-8d6b-00bb87b41489', 'Plan de table', 'plan-de-table', 180, 'f02c7440-3d52-4216-bb63-86928043c6b8'),
  ('de7d4308-955f-46e5-83ba-d9c8679df8c6', 'Restrictions alimentaires', 'restrictions-alimentaires', 190, 'bbeb427d-9a6c-41d9-8f8b-624e582f2c72'),
  ('c6169922-8b9b-4fba-ab99-4d78f714d54a', 'Cadeaux parents', 'cadeaux-parents', 200, 'f02c7440-3d52-4216-bb63-86928043c6b8'),
  ('f51fe3f7-3fc5-489c-ac86-dd2e025e4d88', 'Communication aux invités', 'communication-aux-invites', 210, 'ab97c7cf-49ef-4d53-9e64-91f29373261b'),
  ('0f11ff07-17ef-4b87-a89c-b0b2fa130525', 'Coordination prestataires & référents', 'coordination-prestataires-referents', 220, 'bdd44145-ff24-44cb-adf3-4a74b2681ba0'),
  ('f98c525f-5772-4adf-b95a-ff05f575dc30', 'Cortège', 'cortege', 230, 'f02c7440-3d52-4216-bb63-86928043c6b8'),
  ('3ed0f8cb-83be-45d9-ad25-d4187d027751', 'Répétition de la cérémonie', 'repetition-de-la-ceremonie', 240, 'f02c7440-3d52-4216-bb63-86928043c6b8'),
  ('381a0d13-3360-4779-ab25-c2613f442d08', 'Enfants', 'enfants', 250, '930afd51-a6dd-47e0-8d73-097b5f72e87d'),
  ('600d168a-8de8-4166-969f-eea854fdbf62', 'Personnes âgées', 'personnes-agees', 260, '930afd51-a6dd-47e0-8d73-097b5f72e87d'),
  ('527c8e67-e350-4716-9ab8-f452a616a0d8', 'Enveloppes & cadeaux', 'enveloppes-cadeaux', 270, '79df4bec-f6b7-4e10-b9b8-30c53925de79'),
  ('0726df2a-f0d1-46e2-b601-04e4ee35cc41', 'Boîte à urgences / Imprévus', 'boite-a-urgences-imprevus', 280, '930afd51-a6dd-47e0-8d73-097b5f72e87d'),
  ('702d8f7c-5319-4d9f-9d98-881a50b4c3c6', 'Accueil invités', 'accueil-invites', 290, 'ab97c7cf-49ef-4d53-9e64-91f29373261b'),
  ('56d788f0-504b-4ecc-8730-196ff0fd5aaa', 'Parking', 'parking', 300, 'cb48860b-9a4b-4b29-bc81-c07868fd3f08'),
  ('15880619-b308-4ca6-8c67-d29f3ec7b9dc', 'Tâches générales', 'taches-generales', 310, null);

insert into _20260725_domaine_responsables (id, domaine_id, person_id, rank) values
  ('25a95586-b580-4af4-aa71-2a2c8de1672a', '71060fc6-f150-4a6b-900e-1d372056e185', '22222222-2222-2222-2222-222222222301', 'principal'),
  ('d7577a73-7c2e-49cf-91dd-2cf3eb226085', '7273cd66-d557-47eb-8913-b811c2748252', '22222222-2222-2222-2222-222222222301', 'principal'),
  ('65874ff7-33e1-4786-8174-77aa69bd326e', '0b9421b4-b770-4735-bb79-06e99b3c224f', '22222222-2222-2222-2222-222222222301', 'principal'),
  ('b85377fe-70db-4bb6-be2d-cb806cd3dbff', 'ebbe9c23-8f04-429e-9681-139ca1f6ee73', '22222222-2222-2222-2222-222222222302', 'principal'),
  ('6613b023-9840-4446-a627-c747c043facf', '8eaacd92-4d2f-4038-83c1-1bf55abd6eb2', '22222222-2222-2222-2222-222222222302', 'principal'),
  ('a2b48511-117c-4ea7-9641-21f16bffaf07', '25e715e3-72f6-4ba9-b9cd-07b15b1832a7', '22222222-2222-2222-2222-222222222302', 'principal'),
  ('16fb4c5f-02d1-43cc-aaf5-568125f745be', 'b09245da-b9fd-40ad-90a3-49f59c51a1a8', '22222222-2222-2222-2222-222222222302', 'principal'),
  ('d23c664b-8ac1-4156-8e66-af6b978d2994', 'fff964ee-23d3-466f-b5b8-83dc8b6250c1', '22222222-2222-2222-2222-222222222302', 'principal'),
  ('3056366a-1adf-4e54-8f91-b91f1da60b62', '84c4d732-380c-4a86-b39b-206fb0f45156', '22222222-2222-2222-2222-222222222302', 'principal'),
  ('2177654f-b3ec-485f-8ae1-a85f2e2faf45', '526ff6b1-4fd7-4f42-91fc-6201e0ae42de', '22222222-2222-2222-2222-222222222301', 'principal'),
  ('b36895c5-4dc9-4edc-87c1-43eb7ed106bc', '5ba39a3a-6005-4924-af82-2a57be918bc4', '22222222-2222-2222-2222-222222222301', 'principal'),
  ('ef31190f-6f5c-47ae-b069-c117dc306020', '00009b5d-bb0d-4708-97c7-8ca8c5c538df', '22222222-2222-2222-2222-222222222301', 'principal'),
  ('f2212899-da07-4ff3-b313-fb0413f51e2c', '8f3cc990-560f-4058-8128-d217a6158c3e', '22222222-2222-2222-2222-222222222302', 'principal'),
  ('df88d786-b97a-4471-92d7-a370e7dfd710', '49567e46-c5ed-4223-aad3-0b38a88f0148', '22222222-2222-2222-2222-222222222302', 'principal'),
  ('115f942a-3f5a-41ac-bee9-98e6549b18ad', '827408da-ee7a-4a14-b154-10fc95623039', '22222222-2222-2222-2222-222222222301', 'principal'),
  ('964ede21-45ce-4b68-9ae7-84026ec2a58f', '6984a595-3e8b-4bf7-8d6b-00bb87b41489', '22222222-2222-2222-2222-222222222301', 'principal'),
  ('8844189b-f3e2-4641-a575-d58ac58f20b8', '6984a595-3e8b-4bf7-8d6b-00bb87b41489', '22222222-2222-2222-2222-222222222302', 'secondaire'),
  ('2036bd0a-db5e-4304-bdbf-2063e275ce47', 'de7d4308-955f-46e5-83ba-d9c8679df8c6', '22222222-2222-2222-2222-222222222301', 'principal'),
  ('9db29f2d-4526-40ca-b6ba-a7fd60dab574', 'c6169922-8b9b-4fba-ab99-4d78f714d54a', '22222222-2222-2222-2222-222222222301', 'principal'),
  ('6b87bd42-5dff-48e6-8578-253bb363b0f6', 'f51fe3f7-3fc5-489c-ac86-dd2e025e4d88', '22222222-2222-2222-2222-222222222302', 'principal'),
  ('c1af57ec-9974-4e7d-a949-b9669b5d6308', '0f11ff07-17ef-4b87-a89c-b0b2fa130525', '22222222-2222-2222-2222-222222222301', 'principal'),
  ('47ec3ce6-666b-430e-b55d-fd025be9c0e4', '0f11ff07-17ef-4b87-a89c-b0b2fa130525', '22222222-2222-2222-2222-222222222302', 'secondaire'),
  ('a5ba3765-feef-403d-9481-bd4e9cc54e21', 'f98c525f-5772-4adf-b95a-ff05f575dc30', '22222222-2222-2222-2222-222222222302', 'principal'),
  ('dd840259-8d35-4d76-a055-c2a75afe4330', '3ed0f8cb-83be-45d9-ad25-d4187d027751', '22222222-2222-2222-2222-222222222301', 'principal'),
  ('d16997ed-ed35-4931-b153-e6be6567582a', '381a0d13-3360-4779-ab25-c2613f442d08', '22222222-2222-2222-2222-222222222302', 'principal'),
  ('7f3a60de-2d31-4fdc-8aa5-6cc7b7fb0f62', '600d168a-8de8-4166-969f-eea854fdbf62', '22222222-2222-2222-2222-222222222302', 'principal'),
  ('20b2997c-347e-4146-998b-90d3795057f6', '527c8e67-e350-4716-9ab8-f452a616a0d8', '22222222-2222-2222-2222-222222222301', 'principal'),
  ('106bce5d-48bd-46f7-8478-8140d9181bd4', '0726df2a-f0d1-46e2-b601-04e4ee35cc41', '22222222-2222-2222-2222-222222222302', 'principal');

insert into _20260725_missions (id, domaine_id, title, phase) values
  ('2856a4f2-d6e2-4c67-923a-d91af2218ae2', '71060fc6-f150-4a6b-900e-1d372056e185', 'Budget & administratif', 'avant'),
  ('5123ba7a-b37b-4d14-939c-4eb6207559a9', '7273cd66-d557-47eb-8913-b811c2748252', 'Lieu / Grand Arbre', 'avant'),
  ('cf3c8f34-db47-4235-83a8-1ab2bc0af08d', '0b9421b4-b770-4735-bb79-06e99b3c224f', 'Traiteurs externes & spécialités', 'avant'),
  ('99a62213-a1ea-4a78-9a34-7cacf6cf4164', 'ebbe9c23-8f04-429e-9681-139ca1f6ee73', 'Acquisition et stock des boissons', 'avant'),
  ('689669b7-3f3e-44c4-b47d-a344a014fdd9', '8eaacd92-4d2f-4038-83c1-1bf55abd6eb2', 'Location de matériel', 'avant'),
  ('70a81579-0afa-4998-a8df-a1c7499b4474', '25e715e3-72f6-4ba9-b9cd-07b15b1832a7', 'RSVP', 'avant'),
  ('c0bc3a90-dc71-4a6d-abf1-ef88941e0e66', 'b09245da-b9fd-40ad-90a3-49f59c51a1a8', 'Hébergement invités', 'avant'),
  ('292b4cdf-cd2f-47a5-a475-e05d6238dca0', 'fff964ee-23d3-466f-b5b8-83dc8b6250c1', 'Transport invités', 'avant'),
  ('93012b6c-a0ec-4ad4-b0c0-ba187ef28483', '84c4d732-380c-4a86-b39b-206fb0f45156', 'DJ — Djahman', 'avant'),
  ('651ec565-01ce-4102-9756-6b243a1de899', '84c4d732-380c-4a86-b39b-206fb0f45156', 'Playlist', 'avant'),
  ('53fb9d94-4361-400f-a571-9c45db9c4a0f', '526ff6b1-4fd7-4f42-91fc-6201e0ae42de', 'Photographe / Vidéaste', 'avant'),
  ('09755c4d-aa0b-4b1f-bc47-3c225f07ca83', '5ba39a3a-6005-4924-af82-2a57be918bc4', 'Conception décoration', 'avant'),
  ('55912fe7-3251-4975-b117-405a7fb3b413', '00009b5d-bb0d-4708-97c7-8ca8c5c538df', 'Tenue Sarah', 'avant'),
  ('7400f9a7-211a-4620-adef-be98c5413c01', '8f3cc990-560f-4058-8128-d217a6158c3e', 'Tenue Jordan', 'avant'),
  ('d4068e8e-6abc-4735-8fb3-ad70a1249a5f', '49567e46-c5ed-4223-aad3-0b38a88f0148', 'Discours', 'avant'),
  ('86aa2c60-e48f-4d0d-9d08-17a51114b2ba', '827408da-ee7a-4a14-b154-10fc95623039', 'Rédaction du déroulé', 'avant'),
  ('ea40a3cd-951f-4f6a-b822-8a8fc9b95ba6', '6984a595-3e8b-4bf7-8d6b-00bb87b41489', 'Plan de table', 'avant'),
  ('b3680991-53af-413d-a57a-2bea96333ded', 'de7d4308-955f-46e5-83ba-d9c8679df8c6', 'Restrictions alimentaires', 'avant'),
  ('62663c23-649e-49ec-9046-08ff4b75997d', 'c6169922-8b9b-4fba-ab99-4d78f714d54a', 'Cadeaux parents', 'avant'),
  ('c546794f-edf9-495f-9170-ad5024123871', 'f51fe3f7-3fc5-489c-ac86-dd2e025e4d88', 'Communication aux invités', 'avant'),
  ('162964b4-4194-48bb-8afb-3be630e44556', '0f11ff07-17ef-4b87-a89c-b0b2fa130525', 'Coordination prestataires & référents', 'avant'),
  ('b7c1c765-7a59-477c-b222-e0953406125c', 'f98c525f-5772-4adf-b95a-ff05f575dc30', 'Préparation cortège', 'avant'),
  ('b3c3ea53-6e7e-4a3a-986e-11b62179e526', '3ed0f8cb-83be-45d9-ad25-d4187d027751', 'Répétition', 'avant'),
  ('ba3bf496-57db-4a1a-8fe5-30d2713af124', '381a0d13-3360-4779-ab25-c2613f442d08', 'Préparation enfants', 'avant'),
  ('71e55ffa-8528-4696-b635-59b6325f0195', '600d168a-8de8-4166-969f-eea854fdbf62', 'Préparation personnes âgées', 'avant'),
  ('7e2c213f-22ba-4164-a6d1-6a642db20973', '527c8e67-e350-4716-9ab8-f452a616a0d8', 'Préparation enveloppes', 'avant'),
  ('945dd5f9-b8eb-4d03-a178-1b66f4b298fb', '8eaacd92-4d2f-4038-83c1-1bf55abd6eb2', 'Rangement (préparation)', 'avant'),
  ('0e44bd7d-c3a0-4dba-89ec-773b0c5c44d9', '0726df2a-f0d1-46e2-b601-04e4ee35cc41', 'Boîte à urgences', 'avant'),
  ('20d05c32-8c8d-4653-a87e-4a7b4ce715c1', '827408da-ee7a-4a14-b154-10fc95623039', 'Supervision fiancés (veille)', 'installation'),
  ('f3802ac0-a2c3-43a7-acf5-cf5156b319f8', '7e7f4cdc-ed5e-4660-85f7-4aa13d4210b3', 'Acheminement des boissons', 'installation'),
  ('80fb8178-2060-43f4-8ef8-9cf8552ccdec', '5ba39a3a-6005-4924-af82-2a57be918bc4', 'Montage décoration', 'installation'),
  ('d770602d-197a-4b16-aa16-bb0fa1202296', '0b9421b4-b770-4735-bb79-06e99b3c224f', 'Préparation des spécialités (veille)', 'installation'),
  ('90f2ee63-972c-4f72-9c20-e0ff87e3ebe7', '15880619-b308-4ca6-8c67-d29f3ec7b9dc', 'Tâches générales — veille', 'installation'),
  ('7c8ff980-c5c7-4bf6-b1dc-d5246372a090', '827408da-ee7a-4a14-b154-10fc95623039', 'Fiancés — jour J', 'jour_j'),
  ('df2a7923-5272-4d51-ac93-63fd81fce6be', '827408da-ee7a-4a14-b154-10fc95623039', 'Coordination générale (jour J)', 'jour_j'),
  ('9d34afed-283a-44f2-840c-9c25d706016b', '56d788f0-504b-4ecc-8730-196ff0fd5aaa', 'Parking', 'jour_j'),
  ('54f8ed88-323b-4baf-a621-4cbc286d66a8', '702d8f7c-5319-4d9f-9d98-881a50b4c3c6', 'Accueil invités', 'jour_j'),
  ('7fae35c1-32f6-4cdb-897c-4956e40488cd', 'f98c525f-5772-4adf-b95a-ff05f575dc30', 'Cortège jour J', 'jour_j'),
  ('41f0fe1a-2eb1-4500-9014-4fc02aa6c257', '49567e46-c5ed-4223-aad3-0b38a88f0148', 'Discours / MC (jour J)', 'jour_j'),
  ('75bed49c-c9df-413b-adf0-0173ffe45db2', 'eaecdb24-4eaa-45d6-8161-13ac195819d8', 'Service des boissons', 'jour_j'),
  ('066c09cd-01c9-4534-aed7-188e31faeac2', '381a0d13-3360-4779-ab25-c2613f442d08', 'Enfants jour J', 'jour_j'),
  ('06dd88f4-1f91-42a7-8a39-850ccd36acd6', '600d168a-8de8-4166-969f-eea854fdbf62', 'Personnes âgées jour J', 'jour_j'),
  ('59a3db45-f9e5-43fa-90ba-9f92cf77446b', '527c8e67-e350-4716-9ab8-f452a616a0d8', 'Enveloppes jour J', 'jour_j'),
  ('14a44773-db66-4f71-9045-d8f6d996cf43', '0726df2a-f0d1-46e2-b601-04e4ee35cc41', 'Imprévus jour J', 'jour_j'),
  ('38e9ff2c-f55b-40a1-87e9-960f9cbe74aa', '15880619-b308-4ca6-8c67-d29f3ec7b9dc', 'Tâches générales — jour J', 'jour_j'),
  ('949a1fe3-b14e-44c2-b977-c2af3f45e779', '827408da-ee7a-4a14-b154-10fc95623039', 'Fiancés — lendemain', 'desinstallation'),
  ('0460aee6-f638-49a5-b384-15bf9729d7b7', '8eaacd92-4d2f-4038-83c1-1bf55abd6eb2', 'Rangement du matériel', 'desinstallation'),
  ('edce9b2c-56cf-4476-a417-858a0c8069af', '5ba39a3a-6005-4924-af82-2a57be918bc4', 'Démontage décoration', 'desinstallation'),
  ('01edc3c7-f51d-48eb-a8d1-98c434035e27', '527c8e67-e350-4716-9ab8-f452a616a0d8', 'Enveloppes lendemain', 'desinstallation'),
  ('ebf94d86-84c4-474b-bf81-a239d704bca8', '15880619-b308-4ca6-8c67-d29f3ec7b9dc', 'Tâches générales — lendemain', 'desinstallation'),
  ('78e59af0-fe78-4d2a-9eb6-538ecbda6228', '0f11ff07-17ef-4b87-a89c-b0b2fa130525', 'Remerciements', 'apres'),
  ('566b2985-2b84-4a9b-8255-df129ccab7a9', '71060fc6-f150-4a6b-900e-1d372056e185', 'Clôture financière', 'apres'),
  ('2d9ae4a1-c91a-496e-bd79-329a118d9182', '8eaacd92-4d2f-4038-83c1-1bf55abd6eb2', 'Clôture matériel', 'apres'),
  ('4fe85d67-f78f-482c-9b56-cdf1982d04ca', '526ff6b1-4fd7-4f42-91fc-6201e0ae42de', 'Photos & vidéos', 'apres'),
  ('6c7d5867-f528-4c4f-97ed-351a13fc53bd', '5ba39a3a-6005-4924-af82-2a57be918bc4', 'Décoration & fleurs (après)', 'apres'),
  ('c1fe6332-8a1f-4a1c-a1e4-19630f7938e3', '0f11ff07-17ef-4b87-a89c-b0b2fa130525', 'Retours prestataires', 'apres'),
  ('fea9002b-c37a-4cff-b90a-7a4c0d22ed07', '827408da-ee7a-4a14-b154-10fc95623039', 'Debriefing général', 'apres');

insert into _20260725_checklists (id, owner_type, owner_id, title) values
  ('2722a5df-061c-40ee-a7fd-e597b35774be', 'mission', '2856a4f2-d6e2-4c67-923a-d91af2218ae2', 'Budget & administratif'),
  ('e5505ef8-3fa1-4b98-8672-d40d8fbddeeb', 'mission', '5123ba7a-b37b-4d14-939c-4eb6207559a9', 'Lieu / Grand Arbre'),
  ('fd1f1385-46df-4860-b5dc-d01c20139aae', 'mission', 'cf3c8f34-db47-4235-83a8-1ab2bc0af08d', 'Traiteurs externes & spécialités'),
  ('feb9bc3b-7f07-4ab7-9e0e-61877399d761', 'mission', '99a62213-a1ea-4a78-9a34-7cacf6cf4164', 'Acquisition et stock des boissons'),
  ('506f6fc2-50dc-41fb-a52f-cf79e5604e6f', 'mission', '689669b7-3f3e-44c4-b47d-a344a014fdd9', 'Location de matériel'),
  ('99d1a6d0-51fe-43f1-b9cf-45833e586971', 'mission', '70a81579-0afa-4998-a8df-a1c7499b4474', 'RSVP'),
  ('8096a981-cf43-4fdd-b0b3-ef483c26681c', 'mission', 'c0bc3a90-dc71-4a6d-abf1-ef88941e0e66', 'Hébergement invités'),
  ('ce509024-b7e0-4bec-8343-f5d69b5a60d9', 'mission', '292b4cdf-cd2f-47a5-a475-e05d6238dca0', 'Transport invités'),
  ('5c8c3d08-aa70-470a-b071-72929122df31', 'mission', '93012b6c-a0ec-4ad4-b0c0-ba187ef28483', 'DJ — Djahman'),
  ('a567d5d1-b463-493c-b416-6c2ae6662d81', 'mission', '651ec565-01ce-4102-9756-6b243a1de899', 'Playlist'),
  ('b22a4e39-5523-44e8-8968-7c6c78384049', 'mission', '53fb9d94-4361-400f-a571-9c45db9c4a0f', 'Photographe / Vidéaste'),
  ('9f0329e3-d3c1-4fa5-bfc0-96355ae5f1a3', 'mission', '09755c4d-aa0b-4b1f-bc47-3c225f07ca83', 'Conception décoration'),
  ('56b2fe7a-5e04-4ed2-9dea-7604b7172952', 'mission', '55912fe7-3251-4975-b117-405a7fb3b413', 'Tenue Sarah'),
  ('27b7ba94-fb62-4e0c-a996-25cf0794f9cc', 'mission', '7400f9a7-211a-4620-adef-be98c5413c01', 'Tenue Jordan'),
  ('0f8f53f6-79b9-44da-9849-e1eeefca6d1d', 'mission', 'd4068e8e-6abc-4735-8fb3-ad70a1249a5f', 'Discours'),
  ('c15380e3-f21e-444a-852a-4ad800bf8c0b', 'mission', '86aa2c60-e48f-4d0d-9d08-17a51114b2ba', 'Rédaction du déroulé'),
  ('ed428d14-3df7-4d98-b61f-6c3ee710073d', 'mission', 'ea40a3cd-951f-4f6a-b822-8a8fc9b95ba6', 'Plan de table'),
  ('21b0c934-f6aa-44c4-9155-98c5339ab801', 'mission', 'b3680991-53af-413d-a57a-2bea96333ded', 'Restrictions alimentaires'),
  ('b3408a1c-af47-46d8-a250-fb1a0e3934e7', 'mission', '62663c23-649e-49ec-9046-08ff4b75997d', 'Cadeaux parents'),
  ('600615bd-083f-4f83-95e8-7861b13fc560', 'mission', 'c546794f-edf9-495f-9170-ad5024123871', 'Communication aux invités'),
  ('4bf88f74-0e35-4e6a-84fa-05300c8c04d5', 'mission', '162964b4-4194-48bb-8afb-3be630e44556', 'Coordination prestataires & référents'),
  ('eb5ac80f-1285-412c-8a2a-eb076572a548', 'mission', 'b7c1c765-7a59-477c-b222-e0953406125c', 'Préparation cortège'),
  ('4a15834d-2c96-4721-8aad-29072443c6a3', 'mission', 'b3c3ea53-6e7e-4a3a-986e-11b62179e526', 'Répétition'),
  ('9bc810b6-b8e8-4a58-996e-a893859e57f8', 'mission', 'ba3bf496-57db-4a1a-8fe5-30d2713af124', 'Préparation enfants'),
  ('c99b326a-dda9-4c32-80ef-eb25f875194d', 'mission', '71e55ffa-8528-4696-b635-59b6325f0195', 'Préparation personnes âgées'),
  ('db38d14c-9fa2-49e4-bd9e-9e57466c6f6d', 'mission', '7e2c213f-22ba-4164-a6d1-6a642db20973', 'Préparation enveloppes'),
  ('3391ae84-d623-4d12-bb07-6abe34b0a33c', 'mission', '945dd5f9-b8eb-4d03-a178-1b66f4b298fb', 'Rangement (préparation)'),
  ('cdd8ba67-998b-40cf-9851-34f691bf9402', 'mission', '0e44bd7d-c3a0-4dba-89ec-773b0c5c44d9', 'Boîte à urgences'),
  ('393cbbb4-0cbf-4a2c-b235-33e05d514f1a', 'mission', '20d05c32-8c8d-4653-a87e-4a7b4ce715c1', 'Supervision fiancés (veille)'),
  ('bf716015-c2ec-4e53-91ee-82c1914f193c', 'mission', 'f3802ac0-a2c3-43a7-acf5-cf5156b319f8', 'Acheminement des boissons'),
  ('ebd92d10-7d52-4921-b0f6-3c1bfb1d56b1', 'mission', '80fb8178-2060-43f4-8ef8-9cf8552ccdec', 'Montage décoration'),
  ('964bcb16-cf91-4427-b5db-596195594e8c', 'mission', 'd770602d-197a-4b16-aa16-bb0fa1202296', 'Préparation des spécialités (veille)'),
  ('530d94d6-6354-4043-92b8-61c5d29bebf7', 'mission', '90f2ee63-972c-4f72-9c20-e0ff87e3ebe7', 'Tâches générales — veille'),
  ('f58d2df2-c4d9-490e-9d9a-b77c54dc8fea', 'mission', '7c8ff980-c5c7-4bf6-b1dc-d5246372a090', 'Fiancés — jour J'),
  ('fad34db7-8af9-42bf-9537-5b868cd65c1c', 'mission', 'df2a7923-5272-4d51-ac93-63fd81fce6be', 'Avant l’ouverture (16h30–17h00)'),
  ('6ab5ad4e-fe6f-4189-964f-0f03cb7d71cd', 'mission', 'df2a7923-5272-4d51-ac93-63fd81fce6be', 'Cérémonie (17h00–18h50)'),
  ('a4475eb8-6c1b-4741-a8f2-89755aea471e', 'mission', 'df2a7923-5272-4d51-ac93-63fd81fce6be', 'Dîner et soirée (20h00–04h00)'),
  ('3130760a-158f-431e-91ce-6a829e8d13b3', 'mission', '9d34afed-283a-44f2-840c-9c25d706016b', 'Parking'),
  ('716a1543-b3ed-4a1b-afe4-cac08776f62d', 'mission', '54f8ed88-323b-4baf-a621-4cbc286d66a8', 'Accueil invités'),
  ('e9dd28ef-694d-4d3f-99ce-5aba177bcf7c', 'mission', '7fae35c1-32f6-4cdb-897c-4956e40488cd', 'Cortège jour J'),
  ('5cd280fe-ba98-4004-9299-1805cc30fdd8', 'mission', '41f0fe1a-2eb1-4500-9014-4fc02aa6c257', 'Discours / MC (jour J)'),
  ('57f886c1-43b0-41d1-84b6-1ceee29dadba', 'mission', '75bed49c-c9df-413b-adf0-0173ffe45db2', 'Service des boissons'),
  ('1418ad31-414a-41c2-9da2-ff0482d5b862', 'mission', '066c09cd-01c9-4534-aed7-188e31faeac2', 'Enfants jour J'),
  ('05962237-c1c5-4a12-a7bd-0965fd710a32', 'mission', '06dd88f4-1f91-42a7-8a39-850ccd36acd6', 'Personnes âgées jour J'),
  ('20b41aa5-4939-480f-b043-3a128306eb3a', 'mission', '59a3db45-f9e5-43fa-90ba-9f92cf77446b', 'Enveloppes jour J'),
  ('c795654f-4e44-42b6-801b-41f89422dec2', 'mission', '14a44773-db66-4f71-9045-d8f6d996cf43', 'Imprévus jour J'),
  ('0b905cf0-10e1-429c-b1dd-83eed6d69319', 'mission', '38e9ff2c-f55b-40a1-87e9-960f9cbe74aa', 'Tâches générales — jour J'),
  ('e02b7375-230d-4dd7-809d-db09fe0e9c29', 'mission', '949a1fe3-b14e-44c2-b977-c2af3f45e779', 'Fiancés — lendemain'),
  ('1f0dbb38-ccb2-41dc-af67-8c0fc1ab42f0', 'mission', '0460aee6-f638-49a5-b384-15bf9729d7b7', 'Rangement du matériel'),
  ('c636efbe-0e9b-4fe3-82cc-40a92b13d0b7', 'mission', 'edce9b2c-56cf-4476-a417-858a0c8069af', 'Démontage décoration'),
  ('0d7c03d7-bb01-4ecc-a68e-df4f3e7f949c', 'mission', '01edc3c7-f51d-48eb-a8d1-98c434035e27', 'Enveloppes lendemain'),
  ('a0b79609-efb8-4e47-8cce-39db9fffde1c', 'mission', 'ebf94d86-84c4-474b-bf81-a239d704bca8', 'Tâches générales — lendemain'),
  ('ea5e8ccc-131c-4efe-bc26-dde70a432459', 'mission', '78e59af0-fe78-4d2a-9eb6-538ecbda6228', 'Remerciements'),
  ('b971a327-507b-40dd-a81f-b313ce3b0023', 'mission', '566b2985-2b84-4a9b-8255-df129ccab7a9', 'Clôture financière'),
  ('4ae261fb-56da-461d-8be8-f2b440ec15fc', 'mission', '2d9ae4a1-c91a-496e-bd79-329a118d9182', 'Clôture matériel'),
  ('0f273311-1649-4b0d-8567-40d8cc47f7e0', 'mission', '4fe85d67-f78f-482c-9b56-cdf1982d04ca', 'Photos & vidéos'),
  ('e1c76767-62f5-4456-921a-d00595583502', 'mission', '6c7d5867-f528-4c4f-97ed-351a13fc53bd', 'Décoration & fleurs (après)'),
  ('48f89ddc-b1ca-47cd-8276-2bb08142b67e', 'mission', 'c1fe6332-8a1f-4a1c-a1e4-19630f7938e3', 'Retours prestataires'),
  ('c69da726-a962-4ce3-be31-e092502a680c', 'mission', 'fea9002b-c37a-4cff-b90a-7a4c0d22ed07', 'Debriefing général');

insert into _20260725_checklist_items (id, checklist_id, label, is_done, sort_order, assignee_id) values
  ('7c0cbd70-b1f1-4280-8b30-5fafeee0ce25', '2722a5df-061c-40ee-a7fd-e597b35774be', 'Alimenter le tableau de suivi des dépenses avec toutes les dépenses engagées à ce jour', false, 1, '22222222-2222-2222-2222-222222222301'),
  ('0015d928-5b9b-4041-b9ed-1d2528f4d26a', '2722a5df-061c-40ee-a7fd-e597b35774be', '🚨 Créer l’échéancier des paiements restants par prestataire avec dates limites', true, 2, '22222222-2222-2222-2222-222222222301'),
  ('7fccc82d-5f85-401e-99a3-cdfa526585f2', '2722a5df-061c-40ee-a7fd-e597b35774be', 'Effectuer les paiements aux dates prévues et conserver tous les justificatifs', false, 3, '22222222-2222-2222-2222-222222222301'),
  ('f8b64983-0c58-4013-9abf-126a89e7a85c', '2722a5df-061c-40ee-a7fd-e597b35774be', 'Préparer les enveloppes de paiement espèces (traiteurs ext) pour le jour J si nécessaire', false, 4, '22222222-2222-2222-2222-222222222301'),
  ('4f179bf1-1fd8-41f4-87c3-b2c3d937e401', '2722a5df-061c-40ee-a7fd-e597b35774be', 'Vérifier les conditions d’annulation dans chaque contrat', false, 5, '22222222-2222-2222-2222-222222222301'),
  ('51d25802-9f01-4971-aa89-c4ab838f3afa', '2722a5df-061c-40ee-a7fd-e597b35774be', 'Définir et réserver l’enveloppe imprévus (5–10 % du budget total)', false, 6, '22222222-2222-2222-2222-222222222301'),
  ('bc2e90af-da91-4d90-a04f-77f7a69d9d27', '2722a5df-061c-40ee-a7fd-e597b35774be', 'Centraliser tous les contrats dans un dossier unique (numérique)', true, 7, '22222222-2222-2222-2222-222222222302'),
  ('1f52cb0b-970c-485c-b921-43d4f171df0f', '2722a5df-061c-40ee-a7fd-e597b35774be', 'Vérifier les plafonds bancaires — contacter la banque si des virements importants sont prévus', false, 8, '22222222-2222-2222-2222-222222222302'),
  ('77765b45-e848-4100-bb95-9c92d16666ee', 'e5505ef8-3fa1-4b98-8672-d40d8fbddeeb', 'Envoyer le déroulé minuté au Grand Arbre', true, 1, '22222222-2222-2222-2222-222222222301'),
  ('9a2967cf-20fb-407c-bbf0-d53652749b43', 'e5505ef8-3fa1-4b98-8672-d40d8fbddeeb', 'Leur demander si accès possible la veille pour décoration et dépôt des boissons', true, 2, '22222222-2222-2222-2222-222222222301'),
  ('233cd62d-8d9a-4d04-9566-46f956bad4fd', 'e5505ef8-3fa1-4b98-8672-d40d8fbddeeb', 'Leur communiquer le nombre définitif d’invités', false, 3, '22222222-2222-2222-2222-222222222301'),
  ('1793c7a1-9829-49a6-9bc0-83591da7ce7e', 'e5505ef8-3fa1-4b98-8672-d40d8fbddeeb', '🚨 Confirmer le nombre exact de tables disponibles (base pour plan de table, fleuriste et déco)', false, 4, '22222222-2222-2222-2222-222222222301'),
  ('61c856d6-eede-4d55-8233-65ac6204f0d4', 'e5505ef8-3fa1-4b98-8672-d40d8fbddeeb', '🚨 Planifier la visite technique avec le DJ — premier week-end de juillet', false, 5, '22222222-2222-2222-2222-222222222301'),
  ('387e8e47-2f70-4700-844a-10f873fc2002', 'e5505ef8-3fa1-4b98-8672-d40d8fbddeeb', 'Établir le plan de salle par zones : accueil, cocktail, dîner, danse, enfants', false, 6, '22222222-2222-2222-2222-222222222301'),
  ('3162a9a7-8de8-4e51-bb43-b298783f4222', 'e5505ef8-3fa1-4b98-8672-d40d8fbddeeb', '🚨 Valider le menu définitif avec le traiteur du lieu', false, 7, '22222222-2222-2222-2222-222222222301'),
  ('63447da5-a3eb-4383-a733-1f5819107e0e', 'e5505ef8-3fa1-4b98-8672-d40d8fbddeeb', '🚨 Valider le timing de service (cocktail, plat, dessert, café)', false, 8, '22222222-2222-2222-2222-222222222301'),
  ('d220f6bb-870f-4869-ad2e-d3d6b5ac2896', 'e5505ef8-3fa1-4b98-8672-d40d8fbddeeb', 'Confirmer exactement ce qui est inclus dans la prestation nettoyage (poubelles)', false, 9, '22222222-2222-2222-2222-222222222301'),
  ('d9b940c8-3baa-43c0-9679-4f9f1fa8b4fc', 'e5505ef8-3fa1-4b98-8672-d40d8fbddeeb', 'Clarifier la procédure d’état des lieux de sortie avec le propriétaire', false, 10, '22222222-2222-2222-2222-222222222301'),
  ('6a77e4a1-9e00-4375-9bed-e4392d08bd38', 'e5505ef8-3fa1-4b98-8672-d40d8fbddeeb', 'Mettre en place signalétique de bienvenue / fléchage depuis le parking', false, 11, '22222222-2222-2222-2222-222222222301'),
  ('eeee648f-bc29-4796-b487-6bbd06e3d4ec', 'e5505ef8-3fa1-4b98-8672-d40d8fbddeeb', 'Faire la visite technique avec le DJ — premier week-end de juillet', false, 12, '22222222-2222-2222-2222-222222222302'),
  ('7333fa49-3a09-421c-885d-3919af63dfcc', 'e5505ef8-3fa1-4b98-8672-d40d8fbddeeb', 'Tester sur place que la sono de Djahman couvre bien l''espace extérieur du Grand Arbre', false, 13, '22222222-2222-2222-2222-222222222302'),
  ('31a6e2f8-37ab-43fb-b476-134c0ac00104', 'e5505ef8-3fa1-4b98-8672-d40d8fbddeeb', 'Simuler le parcours du cortège et vérifier que le son porte jusqu''au fond.', false, 14, '22222222-2222-2222-2222-222222222302'),
  ('aa2d01c2-d000-4be3-80bb-cbd490424823', 'fd1f1385-46df-4860-b5dc-d01c20139aae', 'Commander la spécialité indienne — identifier le prestataire, quantités, date de livraison', true, 1, '22222222-2222-2222-2222-222222222301'),
  ('6cf98c5f-2901-4331-89ea-848a1db2d50d', 'fd1f1385-46df-4860-b5dc-d01c20139aae', 'Spécialité malagache', false, 2, '22222222-2222-2222-2222-222222222301'),
  ('88cc65b9-aaa2-4848-9318-3c199c8d3d18', 'fd1f1385-46df-4860-b5dc-d01c20139aae', 'Spécialité malagache — Formaliser une recette', false, 3, '22222222-2222-2222-2222-222222222301'),
  ('10e2ce7a-3579-4114-9cc3-4b71d7b6c601', 'fd1f1385-46df-4860-b5dc-d01c20139aae', 'Spécialité malagache — Voir les quantités', false, 4, '22222222-2222-2222-2222-222222222301'),
  ('99f459e5-811e-49f2-810e-cd8c66affd4e', 'fd1f1385-46df-4860-b5dc-d01c20139aae', 'Spécialité malagache — Acheter les épices', false, 5, '22222222-2222-2222-2222-222222222301'),
  ('5d74773a-f60f-4577-8a07-9b1dc5a52f37', 'fd1f1385-46df-4860-b5dc-d01c20139aae', 'Spécialité malagache — Couper les ingrédients (ail, tomates, oignons, cressons)', false, 6, '22222222-2222-2222-2222-222222222301'),
  ('b83237ef-dd86-4118-8d23-abf52f292663', 'fd1f1385-46df-4860-b5dc-d01c20139aae', 'Spécialité réunionnaise', true, 7, '22222222-2222-2222-2222-222222222301'),
  ('1b724c63-c23f-4621-bb51-8d1889dc5c96', 'fd1f1385-46df-4860-b5dc-d01c20139aae', 'Spécialité réunionnaise — Commander les bonbons piments', true, 8, '22222222-2222-2222-2222-222222222301'),
  ('1d5d258b-a783-4280-86a7-9ebd68d73930', 'fd1f1385-46df-4860-b5dc-d01c20139aae', 'Spécialité guadeloupéenne', false, 9, '22222222-2222-2222-2222-222222222302'),
  ('ce8d1fcd-80dd-4ddd-9f9b-1dce1c649eb4', 'fd1f1385-46df-4860-b5dc-d01c20139aae', 'Spécialité guadeloupéenne — Valider avec Christiana qu’on peut préparer les mini bokits à la maison', false, 10, '22222222-2222-2222-2222-222222222302'),
  ('80178369-0e93-4976-a719-24823be6a5e2', 'fd1f1385-46df-4860-b5dc-d01c20139aae', 'Spécialité guadeloupéenne — Acheter les ingrédients', false, 11, '22222222-2222-2222-2222-222222222302'),
  ('31e94040-1f16-4e73-a623-73368fbe375e', 'fd1f1385-46df-4860-b5dc-d01c20139aae', 'Spécialité guadeloupéenne — Proposer 3 garnitures (jambon halal/fromage, poulet, thon)', false, 12, '22222222-2222-2222-2222-222222222302'),
  ('b95dae86-86bf-444e-8d9e-6959cd51f375', 'fd1f1385-46df-4860-b5dc-d01c20139aae', 'Acheter une grande marmite adaptée à la friture en grande quantité 40 cm', true, 13, '22222222-2222-2222-2222-222222222302'),
  ('70b27597-c24d-48bd-9632-1ca32e2ce530', 'fd1f1385-46df-4860-b5dc-d01c20139aae', 'Prévoir des boîtes de transport adaptées (friture et spécialités fragiles) ⇒ 30 cartons alimentaires', true, 14, '22222222-2222-2222-2222-222222222302'),
  ('20ab09c1-5284-42ac-b401-90369407e793', 'fd1f1385-46df-4860-b5dc-d01c20139aae', '⚠️ Planifier qui prépare quoi, où et quand (veille ou matin du jour J)', false, 15, '22222222-2222-2222-2222-222222222302'),
  ('ee2c52b0-95ab-4f3a-979a-8a30f006e33e', 'feb9bc3b-7f07-4ab7-9e0e-61877399d761', 'Maintenir le fichier Excel du stock local (63 bouteilles champagne + despé, eau, jus, coca) — quantités exactes à jour', false, 1, '22222222-2222-2222-2222-222222222302'),
  ('1cac34c2-fca9-4f7a-9bd8-071adb670b90', 'feb9bc3b-7f07-4ab7-9e0e-61877399d761', 'Louer un utilitaire pour le transport des boissons la veille', true, 2, '22222222-2222-2222-2222-222222222302'),
  ('e65ba862-1d03-469c-94d0-38986bfa4a02', 'feb9bc3b-7f07-4ab7-9e0e-61877399d761', 'Recruter des cousins pour aider au chargement (maison) et déchargement (salle)', false, 3, '22222222-2222-2222-2222-222222222302'),
  ('87b2076a-bfe8-48c0-8067-65186e02a8c4', 'feb9bc3b-7f07-4ab7-9e0e-61877399d761', 'Louer ou acheter le matériel bar pour la période 1h–4h : glacières, bacs à glaçons, seaux, pinces', false, 4, '22222222-2222-2222-2222-222222222302'),
  ('6162ac9a-8a38-44d2-855e-38cac4affe1f', 'feb9bc3b-7f07-4ab7-9e0e-61877399d761', 'Calculer la quantité de glace nécessaire pour tenir jusqu’à 4h en plein été', false, 5, '22222222-2222-2222-2222-222222222302'),
  ('e1420121-b5af-4f7c-9f52-29f231911d16', 'feb9bc3b-7f07-4ab7-9e0e-61877399d761', 'Désigner le responsable boissons jour J', false, 6, '22222222-2222-2222-2222-222222222302'),
  ('ffb40b6e-85a8-47f7-9cdb-54011ed9423f', '506f6fc2-50dc-41fb-a52f-cf79e5604e6f', '🚨 Lister tout le matériel à louer : jeux de lumières, glacières supplémentaires, panneaux de signalétique, mobilier éventuel', false, 1, '22222222-2222-2222-2222-222222222302'),
  ('db9365a6-6976-4dd1-81e6-ae1713062f46', '506f6fc2-50dc-41fb-a52f-cf79e5604e6f', 'Confirmer avec Djahman ce qu’il apporte en éclairage et ce qui reste à prévoir', false, 2, '22222222-2222-2222-2222-222222222302'),
  ('7cfca367-6fde-4b9f-a344-cc847df4d259', '506f6fc2-50dc-41fb-a52f-cf79e5604e6f', 'Demander des devis pour la location du matériel lumière manquant', false, 3, '22222222-2222-2222-2222-222222222302'),
  ('42197f69-b161-428e-a0b3-5f95aaa47596', '506f6fc2-50dc-41fb-a52f-cf79e5604e6f', 'Réserver le matériel auprès d’un loueur — délais serrés en plein été, ne pas attendre', false, 4, '22222222-2222-2222-2222-222222222302'),
  ('b7cae436-aece-4a9f-9f7d-d262c07b5d25', '506f6fc2-50dc-41fb-a52f-cf79e5604e6f', '⚠️ Arbitrer : acheter vs louer pour chaque élément (glacières, panneaux, etc.)', false, 5, '22222222-2222-2222-2222-222222222301'),
  ('e4e48298-7811-4619-8208-03a29ac65c52', '99d1a6d0-51fe-43f1-b9cf-45833e586971', 'Envoyer un message à tous les participants confirmés : remerciements + choix du plat (poulet ou poisson)', false, 1, '22222222-2222-2222-2222-222222222302'),
  ('740898d6-4c9d-47bd-b2b4-9f2bb74fdba9', '99d1a6d0-51fe-43f1-b9cf-45833e586971', 'Relancer les retardataires n’ayant pas encore répondu', false, 2, '22222222-2222-2222-2222-222222222302'),
  ('356934d1-3bd0-49ab-bb2a-526460d24b44', '99d1a6d0-51fe-43f1-b9cf-45833e586971', 'Recueillir les horaires d’arrivée de chaque invité (vol, train, voiture)', false, 3, '22222222-2222-2222-2222-222222222302'),
  ('a290189d-ff6f-4f04-8451-7ebbd18964b5', '99d1a6d0-51fe-43f1-b9cf-45833e586971', 'Compiler le tableau final : nom / présence / plat / horaire d’arrivée / besoins transport', false, 4, '22222222-2222-2222-2222-222222222302'),
  ('5a332bc6-defd-420e-a5f3-4dbb4364a690', '99d1a6d0-51fe-43f1-b9cf-45833e586971', 'Communiquer les chiffres définitifs au Grand Arbre (traiteur + salle)', false, 5, '22222222-2222-2222-2222-222222222301'),
  ('0d5c52fc-6a48-42ad-b4ca-6309ff86ed02', '8096a981-cf43-4fdd-b0b3-ef483c26681c', 'Vérifier que tous les invités venant de loin ont bien reçu le guide hébergement', true, 1, '22222222-2222-2222-2222-222222222302'),
  ('43f51093-4838-4d30-95b2-7dbf93cd7499', '8096a981-cf43-4fdd-b0b3-ef483c26681c', 'Demander qui loge où?', false, 2, '22222222-2222-2222-2222-222222222302'),
  ('3512d003-7277-4d4b-9dee-306e8bd943ef', 'ce509024-b7e0-4bec-8343-f5d69b5a60d9', 'Cartographier les besoins en transport le jour J à partir des horaires d’arrivée collectés', false, 1, '22222222-2222-2222-2222-222222222302'),
  ('ea6d987b-eacd-4149-a407-6b1f127d3a28', 'ce509024-b7e0-4bec-8343-f5d69b5a60d9', 'Identifier les invités sans moyen de retour (nuit tardive) et prévoir un VTC/taxi', false, 2, '22222222-2222-2222-2222-222222222302'),
  ('6618ac71-4189-4457-b6fc-7449fe3b866a', 'ce509024-b7e0-4bec-8343-f5d69b5a60d9', 'Communiquer les modalités de transport à tous les invités concernés', false, 3, '22222222-2222-2222-2222-222222222302'),
  ('ae741578-ff1b-413c-a645-89c120cd3e29', 'ce509024-b7e0-4bec-8343-f5d69b5a60d9', '⚠️ Noter le contact VTC/taxi de nuit à avoir sous la main le jour J', false, 4, '22222222-2222-2222-2222-222222222302'),
  ('5b0f205c-9bc0-45a3-9fdf-7b8a11113c25', '5c8c3d08-aa70-470a-b071-72929122df31', 'S’assurer que Djahman a bien répondu au Google Forms', false, 1, '22222222-2222-2222-2222-222222222302'),
  ('e4e87c41-1e6c-4c39-85da-8f96019308bc', '5c8c3d08-aa70-470a-b071-72929122df31', 'Obtenir confirmation du matériel : sono mobile extérieur, sono salle, diffusion terrasse, micros sans fil', false, 2, '22222222-2222-2222-2222-222222222302'),
  ('4559f611-4b86-48fa-b085-7abcc6803d8b', '5c8c3d08-aa70-470a-b071-72929122df31', 'Confirmer que le matériel est adapté à ~90 personnes', false, 3, '22222222-2222-2222-2222-222222222302'),
  ('24d1bdf1-2b24-4808-8ae1-3682828a9e3f', '5c8c3d08-aa70-470a-b071-72929122df31', 'Obtenir ses besoins en alimentation électrique (pour anticiper avec le lieu)', false, 4, '22222222-2222-2222-2222-222222222302'),
  ('53e1671f-dd2e-4aba-a5e0-37dfdd67bdb9', '5c8c3d08-aa70-470a-b071-72929122df31', 'Confirmer son heure d’arrivée souhaitée et le temps nécessaire à l’installation', false, 5, '22222222-2222-2222-2222-222222222302'),
  ('cbfba525-3d2e-402c-b73d-a052dfc6fd3f', '5c8c3d08-aa70-470a-b071-72929122df31', 'Obtenir ses recommandations pour l’éclairage soirée dansante', false, 6, '22222222-2222-2222-2222-222222222302'),
  ('35bd29a1-fe0f-4a2f-829d-3ef3eeabb7f9', '5c8c3d08-aa70-470a-b071-72929122df31', 'Planifier sa venue pour la visite technique début juillet', false, 7, '22222222-2222-2222-2222-222222222302'),
  ('7f0ba14d-f9b9-429e-8619-5f480bf04818', '5c8c3d08-aa70-470a-b071-72929122df31', 'Valider la version extended (30 min) du morceau d’entrée du cortège', false, 8, '22222222-2222-2222-2222-222222222302'),
  ('b8b05d18-d08d-4c29-b5dd-d107be9feb7e', '5c8c3d08-aa70-470a-b071-72929122df31', 'Confirmer “A love song” – Garth Stevenson pour l’arrivée de Sarah', false, 9, '22222222-2222-2222-2222-222222222302'),
  ('df67d319-6923-4eb5-9e1f-1f9b6ceedc40', '5c8c3d08-aa70-470a-b071-72929122df31', 'Confirmer “Se pas pou dat” – Zo konpa / Konpa Lakay pour la présentation de la bague', false, 10, '22222222-2222-2222-2222-222222222302'),
  ('c3d1d6cd-18bd-42d2-9f6c-dc17e6455450', '5c8c3d08-aa70-470a-b071-72929122df31', 'Définir ensemble les musiques du cocktail et du repas', false, 11, '22222222-2222-2222-2222-222222222302'),
  ('3f46666b-468c-46e0-98dd-f1f54db96661', '5c8c3d08-aa70-470a-b071-72929122df31', 'Convenir du canal de communication discret le jour J (intermédiaire, SMS)', false, 12, '22222222-2222-2222-2222-222222222302'),
  ('54c0cef2-dbfd-433e-a974-4d42328aa759', 'a567d5d1-b463-493c-b416-6c2ae6662d81', 'S’assurer que Djahman a bien ouvert le fichier Excel référentiel', false, 1, '22222222-2222-2222-2222-222222222302'),
  ('b1664dff-97d4-4785-bc9f-dd1ff694b351', 'a567d5d1-b463-493c-b416-6c2ae6662d81', 'Lui transmettre les morceaux disponibles sur YouTube uniquement (hors Spotify)', false, 2, '22222222-2222-2222-2222-222222222302'),
  ('412d8e54-94cc-46b3-904a-ea9a0fb27117', 'a567d5d1-b463-493c-b416-6c2ae6662d81', 'Valider avec lui la structure de la soirée dansante : blocs, transitions, montée progressive', false, 3, '22222222-2222-2222-2222-222222222302'),
  ('7f7debf0-2d2a-42b5-b235-beb17523c624', 'a567d5d1-b463-493c-b416-6c2ae6662d81', 'Confirmer les morceaux “priorité à notre sélection” : Seggae, Salegy malgache, Bollywood, Pop indienne, Arabic', false, 4, '22222222-2222-2222-2222-222222222302'),
  ('3daa349b-1291-4954-ba13-1f9092abf0a7', 'b22a4e39-5523-44e8-8968-7c6c78384049', '🚨 Créer le groupe WhatsApp — ajouter les deux numéros + 07 84 96 72 89', true, 1, '22222222-2222-2222-2222-222222222301'),
  ('c087c19c-796b-43d1-b39c-60cb177014f0', 'b22a4e39-5523-44e8-8968-7c6c78384049', 'Partager le déroulé de la journée dans le groupe dès qu’il est finalisé', false, 2, '22222222-2222-2222-2222-222222222301'),
  ('4fe40d32-d3e4-4b1d-881c-8fab0ecc3381', 'b22a4e39-5523-44e8-8968-7c6c78384049', 'Rassembler des inspirations photo/vidéo (style, ambiance, cadrage) à partager', false, 3, '22222222-2222-2222-2222-222222222301'),
  ('2818a326-7e62-4f22-ad2a-f6baddaf6c00', 'b22a4e39-5523-44e8-8968-7c6c78384049', 'Rédiger la shot list : photos indispensables, familles, moments clés, portraits officiels', false, 4, '22222222-2222-2222-2222-222222222301'),
  ('c21c32db-97a6-4fb0-850d-c036fdff1642', 'b22a4e39-5523-44e8-8968-7c6c78384049', 'Confirmer l’heure d’arrivée souhaitée (avant les invités pour salle vide + préparatifs)', false, 5, '22222222-2222-2222-2222-222222222301'),
  ('7500683c-213e-4c6c-ab52-f13dc1b9e9b2', 'b22a4e39-5523-44e8-8968-7c6c78384049', 'Prévenir les familles en amont : limiter les téléphones pendant la cérémonie, les premières images seront vite disponibles', false, 6, '22222222-2222-2222-2222-222222222302'),
  ('96958d6a-de81-4b7b-847f-ecdc762846e8', '9f0329e3-d3c1-4fa5-bfc0-96355ae5f1a3', 'Définir le thème visuel et la palette de couleurs', true, 1, '22222222-2222-2222-2222-222222222301'),
  ('cf846559-38a0-473e-87b5-aa77989484ea', '9f0329e3-d3c1-4fa5-bfc0-96355ae5f1a3', 'Lister les éléments déco par zone : entrée, cortège, table d’honneur, tables invités, espace danse', false, 2, '22222222-2222-2222-2222-222222222301'),
  ('b62b1d9b-c0af-4308-8303-d4fc0edeecdd', '9f0329e3-d3c1-4fa5-bfc0-96355ae5f1a3', 'Contacter et choisir un fleuriste', true, 3, '22222222-2222-2222-2222-222222222301'),
  ('250df105-f417-4a88-a105-995f7ca54142', '9f0329e3-d3c1-4fa5-bfc0-96355ae5f1a3', 'Valider les compositions florales et les tarifs', false, 4, '22222222-2222-2222-2222-222222222301'),
  ('d4ba2f26-a5a2-42fa-ad2a-b063d21f9a21', '9f0329e3-d3c1-4fa5-bfc0-96355ae5f1a3', 'Comparer achat / location / DIY pour chaque élément et arbitrer', false, 5, '22222222-2222-2222-2222-222222222301'),
  ('5bae74dc-6e95-4621-8b6d-1d2c8db1b649', '9f0329e3-d3c1-4fa5-bfc0-96355ae5f1a3', 'Créer le plan de décoration par zone avec photos de référence', false, 6, '22222222-2222-2222-2222-222222222301'),
  ('6ea28eff-f7ab-4d70-8aa8-caec3cf48c9e', '9f0329e3-d3c1-4fa5-bfc0-96355ae5f1a3', '🚨 Commander ou acquérir tous les éléments déco avec délais de livraison compatibles', false, 7, '22222222-2222-2222-2222-222222222301'),
  ('94a4d0e6-937b-4a1f-9752-43b2ad76ebc7', '9f0329e3-d3c1-4fa5-bfc0-96355ae5f1a3', 'Confirmer la livraison des fleurs : heure, lieu, référent sur place', false, 8, '22222222-2222-2222-2222-222222222301'),
  ('567e8512-e9c5-4993-a68c-324aa81d798a', '56b2fe7a-5e04-4ed2-9dea-7604b7172952', 'Trouver et commander les chaussures assorties', false, 1, '22222222-2222-2222-2222-222222222301'),
  ('aaf9f53b-3524-479c-bff1-923f0f43b109', '56b2fe7a-5e04-4ed2-9dea-7604b7172952', 'Trouver et commander les bijoux assortis', false, 2, '22222222-2222-2222-2222-222222222301'),
  ('259107ee-0033-4b10-959c-b59ab7aac958', '56b2fe7a-5e04-4ed2-9dea-7604b7172952', 'Organiser un essayage complet tenue + chaussures', false, 3, '22222222-2222-2222-2222-222222222301'),
  ('2b7aa127-7413-484d-8253-219247e1a33f', '56b2fe7a-5e04-4ed2-9dea-7604b7172952', 'Laver et repasser le lehenga dans un pressing', false, 4, '22222222-2222-2222-2222-222222222301'),
  ('293b7797-e7b3-4b10-951a-6d912820b7fe', '56b2fe7a-5e04-4ed2-9dea-7604b7172952', '🚨 Choisir le style de coiffure', false, 5, null),
  ('e8479a1d-3de8-4572-add7-d410ba631e6f', '56b2fe7a-5e04-4ed2-9dea-7604b7172952', 'Trouver la coiffeuse', true, 6, null),
  ('3a17ff08-6ce5-4a93-9c0f-a5babee938c8', '56b2fe7a-5e04-4ed2-9dea-7604b7172952', 'Essayer une coiffure', false, 7, null),
  ('233da903-5cfd-4e5b-bf7e-594145409c63', '56b2fe7a-5e04-4ed2-9dea-7604b7172952', '🚨 Réserver la coiffeuse pour le jour J', false, 8, null),
  ('c13ef16e-beb5-4757-a7c0-1a9861ece017', '56b2fe7a-5e04-4ed2-9dea-7604b7172952', 'Essai à réaliser', false, 9, null),
  ('c431fd4b-e6fa-4455-b9e8-0413f10dfd56', '56b2fe7a-5e04-4ed2-9dea-7604b7172952', 'Prendre le rendez-vous de maquillage pour le jour J', false, 10, null),
  ('34901ca8-7210-4e34-a54d-f6d8bcc2e853', '56b2fe7a-5e04-4ed2-9dea-7604b7172952', 'Trouver des faux ongles', false, 11, null),
  ('58a5fd6e-7ffe-4c86-9def-4e67972d4b0b', '27b7ba94-fb62-4e0c-a996-25cf0794f9cc', '🚨 Identifier et commander la tenue définitive avec délai de livraison confirmé', false, 1, '22222222-2222-2222-2222-222222222302'),
  ('0cb45e68-caf7-4b31-afac-1d892991fcf4', '27b7ba94-fb62-4e0c-a996-25cf0794f9cc', 'Prévoir les retouches si nécessaire', false, 2, '22222222-2222-2222-2222-222222222302'),
  ('ccdc7851-8647-4a69-a694-e6e6716afd7c', '27b7ba94-fb62-4e0c-a996-25cf0794f9cc', 'Trouver et commander les chaussures assorties', false, 3, '22222222-2222-2222-2222-222222222302'),
  ('ed16b2bc-cdf8-4479-a04b-5a3abd96e5d1', '27b7ba94-fb62-4e0c-a996-25cf0794f9cc', 'Choisir les accessoires (pochette, montre, etc.)', false, 4, '22222222-2222-2222-2222-222222222302'),
  ('61d05ecf-568b-4b98-817b-6ea570bc782e', '27b7ba94-fb62-4e0c-a996-25cf0794f9cc', 'Faire un essayage complet tenue + chaussures avant le jour J', false, 5, '22222222-2222-2222-2222-222222222302'),
  ('7808ea85-3a47-46d7-8771-9c5f6a01c5c5', '27b7ba94-fb62-4e0c-a996-25cf0794f9cc', 'Vérifier si le rendez-vous existant doit être maintenu, décalé ou confirmé ⇒ à décaler la veille', false, 6, null),
  ('392e33eb-7e03-4816-a9a3-ef258fbee99e', '0f8f53f6-79b9-44da-9849-e1eeefca6d1d', 'Désigner un MC / coordinateur discours pour les transitions', false, 1, '22222222-2222-2222-2222-222222222302'),
  ('e2f0e42b-60ea-48c4-88f1-9f920c1bc0de', '0f8f53f6-79b9-44da-9849-e1eeefca6d1d', 'Micro-test avec les parents', false, 2, '22222222-2222-2222-2222-222222222302'),
  ('ee7a42e5-f2a3-43a7-844f-c5995750e508', 'c15380e3-f21e-444a-852a-4ad800bf8c0b', 'Rédiger le conducteur minuté complet : accueil → cortège → cérémonie → cocktail → dîner → soirée → remerciements → fin', true, 1, '22222222-2222-2222-2222-222222222301'),
  ('5e2cef3a-7aae-44f4-8dc2-23607bfd2ec3', 'c15380e3-f21e-444a-852a-4ad800bf8c0b', 'Valider le conducteur avec tous les prestataires clés : DJ, traiteur, photographe', false, 2, '22222222-2222-2222-2222-222222222301'),
  ('0d636e32-9cec-434b-81e2-b0793af6fb76', 'c15380e3-f21e-444a-852a-4ad800bf8c0b', 'Faire le point avec les parents de Sarah sur leurs interventions pendant la cérémonie', false, 3, '22222222-2222-2222-2222-222222222301'),
  ('f89e7261-8f3e-477b-ab9a-0ad7c51e9b0c', 'c15380e3-f21e-444a-852a-4ad800bf8c0b', 'Identifier les temps morts et prévoir des animations ou transitions', false, 4, '22222222-2222-2222-2222-222222222301'),
  ('90874a45-c4bd-4a9c-bf18-99790566d86e', 'c15380e3-f21e-444a-852a-4ad800bf8c0b', '⚠️ Gérer la chaleur pour les invités pendant la cérémonie extérieure (espace ombragé? eau fraîche à distribuer dès l''accueil? éventails?)', false, 5, '22222222-2222-2222-2222-222222222301'),
  ('1342504c-3328-43b6-9d6a-0988be1d4276', 'c15380e3-f21e-444a-852a-4ad800bf8c0b', 'Faire le point avec les parents de Jordan sur leurs interventions pendant la cérémonie', false, 6, '22222222-2222-2222-2222-222222222302'),
  ('a7be2c96-6713-412e-8877-bbcabd0bbdd8', 'c15380e3-f21e-444a-852a-4ad800bf8c0b', 'Désigner un maître de cérémonie / coordinateur de soirée ⇒ Lisa', true, 7, '22222222-2222-2222-2222-222222222302'),
  ('784f15f8-cb86-4af9-b1d8-22d84d3b9b07', 'c15380e3-f21e-444a-852a-4ad800bf8c0b', 'Prévoir un plan B pour chaque moment critique (météo, retard prestataire, son défaillant)', false, 8, '22222222-2222-2222-2222-222222222302'),
  ('1d4be1aa-1fee-4603-8a3e-5664d281f451', 'c15380e3-f21e-444a-852a-4ad800bf8c0b', 'Imprimer le conducteur en plusieurs exemplaires pour le jour J', false, 9, '22222222-2222-2222-2222-222222222302'),
  ('a5129503-f27e-46f2-b0dd-aeaeca4165cf', 'ed428d14-3df7-4d98-b61f-6c3ee710073d', '🚨 Récupérer auprès du Grand Arbre le nombre exact de tables et leur capacité', false, 1, '22222222-2222-2222-2222-222222222301'),
  ('dd6237a5-9537-4c41-9de5-4da35112a17f', 'ed428d14-3df7-4d98-b61f-6c3ee710073d', 'Créer les marque-places pour le plat et numéros de table', false, 2, '22222222-2222-2222-2222-222222222301'),
  ('e5bf0553-724a-4eb2-9098-e783b57c9336', 'ed428d14-3df7-4d98-b61f-6c3ee710073d', 'Imprimer le plan de table pour affichage à l’entrée de la salle', false, 3, '22222222-2222-2222-2222-222222222301'),
  ('9a0613b7-8f8d-4e17-817f-ee88e9e0e3e6', 'ed428d14-3df7-4d98-b61f-6c3ee710073d', 'Réaliser un premier plan de table et le valider avec Sarah', false, 4, '22222222-2222-2222-2222-222222222302'),
  ('82a916f9-7243-4bf8-9ed8-c1fcc5787c28', 'ed428d14-3df7-4d98-b61f-6c3ee710073d', 'Intégrer les contraintes : mobilité réduite, personnes âgées, enfants, affinités / tensions', false, 5, '22222222-2222-2222-2222-222222222302'),
  ('065d3167-c40f-4cd3-8455-4b779ee8f7b9', '21b0c934-f6aa-44c4-9155-98c5339ab801', 'Définir le système d’identification à table : marque-place codé, étiquette discrète, etc.', false, 1, '22222222-2222-2222-2222-222222222301'),
  ('de15e669-41b1-4644-8613-5debde4c61d0', '21b0c934-f6aa-44c4-9155-98c5339ab801', 'Signaler les allergies sévères (arachides, fruits de mer) à l’ensemble de l’équipe de service', false, 2, '22222222-2222-2222-2222-222222222301'),
  ('7b3321bf-7474-44e2-bd60-9c9fbdee451a', '21b0c934-f6aa-44c4-9155-98c5339ab801', 'Préparer la signalétique pour les plats des buffets et amuse-bouches (allergènes, halal, végé, etc.)', false, 3, '22222222-2222-2222-2222-222222222301'),
  ('568611e2-62ed-443d-b3f5-60f41ac94bf2', 'b3408a1c-af47-46d8-a250-fb1a0e3934e7', '⚠️ Décider si on prévoit un cadeau / attention pour les parents', false, 1, '22222222-2222-2222-2222-222222222301'),
  ('724aad08-e801-4a05-8861-5d46221777db', 'b3408a1c-af47-46d8-a250-fb1a0e3934e7', 'Si oui : choisir le type, commander avec délai compatible, organiser la distribution le jour J', false, 2, '22222222-2222-2222-2222-222222222301'),
  ('45676230-214d-411a-b270-8d03c89737e9', '600615bd-083f-4f83-95e8-7861b13fc560', '🚨 Envoyer un message individuel (ou par famille) : remerciement RSVP + choix poulet/poisson + horaire d’arrivée attendu', false, 1, '22222222-2222-2222-2222-222222222302'),
  ('b96c4fce-ff00-4ff7-a11a-dd60521720e8', '600615bd-083f-4f83-95e8-7861b13fc560', 'Envoyer un rappel général J-7 avec : programme, accès, parking (consignes spécifiques fond réservé aux fiancés), dress code, météo anticipée', false, 2, '22222222-2222-2222-2222-222222222302'),
  ('afb46c60-2356-4990-b350-9fd8d8e65d9b', '600615bd-083f-4f83-95e8-7861b13fc560', 'Rédiger le message de remerciement post-événement (à préparer à l’avance)', false, 3, '22222222-2222-2222-2222-222222222302'),
  ('67b92779-ce09-4446-80ae-1e51b01c6690', '4bf88f74-0e35-4e6a-84fa-05300c8c04d5', 'Lister tous les prestataires (pro et amis) avec rôle, contact, horaire d’intervention', false, 1, '22222222-2222-2222-2222-222222222301'),
  ('a920ad90-2475-4ea0-9f65-92b7b47fa516', '4bf88f74-0e35-4e6a-84fa-05300c8c04d5', 'Avoir un numéro de contact de secours pour chaque prestataire clé', false, 2, '22222222-2222-2222-2222-222222222301'),
  ('d5f7123a-9b13-4dfd-bdf2-05d65bd967c5', '4bf88f74-0e35-4e6a-84fa-05300c8c04d5', '🚨 Créer un document de coordination partagé accessible à tous les référents', false, 3, '22222222-2222-2222-2222-222222222302'),
  ('cd8464c5-b1ee-4326-87be-369bfbb2d98e', '4bf88f74-0e35-4e6a-84fa-05300c8c04d5', '🚨 Créer un document de coordination partagé accessible à tous les référents — AVANT', false, 4, '22222222-2222-2222-2222-222222222302'),
  ('2a8c5d42-4e6b-4d47-be8f-0c1cfc689f24', '4bf88f74-0e35-4e6a-84fa-05300c8c04d5', '🚨 Créer un document de coordination partagé accessible à tous les référents — AVANT — RÉFÉRENT LOGISTIQUE BOISSONS', true, 5, '22222222-2222-2222-2222-222222222302'),
  ('73ce72df-90b5-4f10-b25d-534330af8bde', '4bf88f74-0e35-4e6a-84fa-05300c8c04d5', '🚨 Créer un document de coordination partagé accessible à tous les référents — AVANT — RÉFÉRENT DÉCORATION', false, 6, '22222222-2222-2222-2222-222222222302'),
  ('0b02c930-7937-4c55-8e10-a56db2ee4462', '4bf88f74-0e35-4e6a-84fa-05300c8c04d5', '🚨 Créer un document de coordination partagé accessible à tous les référents — JOUR J', false, 7, '22222222-2222-2222-2222-222222222302'),
  ('7ec062bd-fee9-45cd-bee6-ca845a0edcbd', '4bf88f74-0e35-4e6a-84fa-05300c8c04d5', '🚨 Créer un document de coordination partagé accessible à tous les référents — JOUR J — RÉFÉRENT SPÉCIALITÉS CULINAIRES', false, 8, '22222222-2222-2222-2222-222222222302'),
  ('f3d4de2e-6d4f-426c-aada-389e87deb99d', '4bf88f74-0e35-4e6a-84fa-05300c8c04d5', '🚨 Créer un document de coordination partagé accessible à tous les référents — JOUR J — RÉFÉRENT FLEURS', false, 9, '22222222-2222-2222-2222-222222222302'),
  ('092176a1-8978-4e8d-b048-d2a3c4b6092a', '4bf88f74-0e35-4e6a-84fa-05300c8c04d5', '🚨 Créer un document de coordination partagé accessible à tous les référents — JOUR J — COORDINATEUR GÉNÉRAL', false, 10, '22222222-2222-2222-2222-222222222302'),
  ('cdd1adb0-2cd8-46ae-8edf-573f493cf484', '4bf88f74-0e35-4e6a-84fa-05300c8c04d5', '🚨 Créer un document de coordination partagé accessible à tous les référents — JOUR J — RÉFÉRENTS ACCUEIL INVITÉS', false, 11, '22222222-2222-2222-2222-222222222302'),
  ('4a90f9fe-d73b-40b6-a0da-082ce69d4386', '4bf88f74-0e35-4e6a-84fa-05300c8c04d5', '🚨 Créer un document de coordination partagé accessible à tous les référents — JOUR J — RÉFÉRENT ENFANTS', false, 12, '22222222-2222-2222-2222-222222222302'),
  ('0d2ec83c-1641-4d40-ac65-d8e5f9afbd85', '4bf88f74-0e35-4e6a-84fa-05300c8c04d5', '🚨 Créer un document de coordination partagé accessible à tous les référents — JOUR J — RÉFÉRENT PERSONNES ÂGÉES', false, 13, '22222222-2222-2222-2222-222222222302'),
  ('ff144414-37b5-4c7d-b504-d1c021282556', '4bf88f74-0e35-4e6a-84fa-05300c8c04d5', '🚨 Créer un document de coordination partagé accessible à tous les référents — JOUR J — RÉFÉRENT CORTÈGE', false, 14, '22222222-2222-2222-2222-222222222302'),
  ('13649d8d-9566-4811-84aa-b2f100bfe614', '4bf88f74-0e35-4e6a-84fa-05300c8c04d5', '🚨 Créer un document de coordination partagé accessible à tous les référents — JOUR J — RÉFÉRENT DISCOURS / MC', false, 15, '22222222-2222-2222-2222-222222222302'),
  ('7929ffb4-c42c-4e82-8a3d-752b98a9fabc', '4bf88f74-0e35-4e6a-84fa-05300c8c04d5', '🚨 Créer un document de coordination partagé accessible à tous les référents — JOUR J — RÉFÉRENT ENVELOPPES & CADEAUX', false, 16, '22222222-2222-2222-2222-222222222302'),
  ('c6d7abc6-a6e5-44e6-84c2-61673aa17cd8', '4bf88f74-0e35-4e6a-84fa-05300c8c04d5', '🚨 Créer un document de coordination partagé accessible à tous les référents — JOUR J — RÉFÉRENT PARKING', false, 17, '22222222-2222-2222-2222-222222222302'),
  ('d93efe7d-2253-43ee-8f31-24954a237fda', '4bf88f74-0e35-4e6a-84fa-05300c8c04d5', '🚨 Créer un document de coordination partagé accessible à tous les référents — JOUR J — RÉFÉRENT BOISSONS', false, 18, '22222222-2222-2222-2222-222222222302'),
  ('d5916ccc-c612-4fee-987a-ccdd8fb03c06', '4bf88f74-0e35-4e6a-84fa-05300c8c04d5', '🚨 Créer un document de coordination partagé accessible à tous les référents — JOUR J — RÉFÉRENT IMPRÉVUS', false, 19, '22222222-2222-2222-2222-222222222302'),
  ('69cb1ac5-cc13-44e0-956c-a69a6030e5a4', '4bf88f74-0e35-4e6a-84fa-05300c8c04d5', '🚨 Créer un document de coordination partagé accessible à tous les référents — APRES', false, 20, '22222222-2222-2222-2222-222222222302'),
  ('294e26de-e2ee-49e2-889f-71b1090ed843', '4bf88f74-0e35-4e6a-84fa-05300c8c04d5', '🚨 Créer un document de coordination partagé accessible à tous les référents — APRES — RÉFÉRENT LOGISTIQUE RANGEMENT', false, 21, '22222222-2222-2222-2222-222222222302'),
  ('28bff078-b82c-4258-9c7d-9d31755721dc', '4bf88f74-0e35-4e6a-84fa-05300c8c04d5', 'Contacter chaque référent pour savoir s’il est d’accord, s’il est ok sur le périmètre, lui fournir une boite à outils', false, 22, '22222222-2222-2222-2222-222222222302'),
  ('bd206f69-9b0d-4422-8978-2931d2abba68', '4bf88f74-0e35-4e6a-84fa-05300c8c04d5', 'Organiser une réunion de coordination 1–2 semaines avant (idéalement lors de la visite technique)', false, 23, '22222222-2222-2222-2222-222222222302'),
  ('64f699dd-7fca-4163-9cda-54270cfd877e', '4bf88f74-0e35-4e6a-84fa-05300c8c04d5', 'Désigner un interlocuteur unique sur place pour tous les prestataires', false, 24, '22222222-2222-2222-2222-222222222302'),
  ('57672dfb-cf92-429e-ab6f-1d1b65377999', 'eb5ac80f-1285-412c-8a2a-eb076572a548', 'Définir la composition et l’ordre du cortège', false, 1, '22222222-2222-2222-2222-222222222302'),
  ('5523de6b-ac85-4a2b-9e2b-43119c8010ac', 'eb5ac80f-1285-412c-8a2a-eb076572a548', '🚨 Prévenir chaque personne du cortège de son rôle et de ce qu’elle devra faire', false, 2, '22222222-2222-2222-2222-222222222302'),
  ('42140e72-f561-4d70-a149-267f78e8d950', 'eb5ac80f-1285-412c-8a2a-eb076572a548', 'Choisir et synchroniser les musiques d’entrée avec Djahman', false, 3, '22222222-2222-2222-2222-222222222302'),
  ('c118763b-cc7b-45bf-8bb7-1cc248588b3b', 'eb5ac80f-1285-412c-8a2a-eb076572a548', 'Prévoir les alternatives pour les personnes à mobilité réduite', false, 4, '22222222-2222-2222-2222-222222222302'),
  ('7bd142fb-a0b0-4377-8027-ed6c53126c85', 'eb5ac80f-1285-412c-8a2a-eb076572a548', 'Trouver un plateau de présentation et le orner', false, 5, '22222222-2222-2222-2222-222222222302'),
  ('e6df43b1-b2c9-4b88-ba29-5c1834dceeda', '4a15834d-2c96-4721-8aad-29072443c6a3', '⚠️ à découper', false, 1, '22222222-2222-2222-2222-222222222301'),
  ('89682e4f-3ca7-412f-a458-478cfd06817f', '9bc810b6-b8e8-4a58-996e-a893859e57f8', 'Recenser le nombre d’enfants présents et leurs âges', false, 1, '22222222-2222-2222-2222-222222222302'),
  ('704695b9-1b62-4494-9059-dc0fa8d6dbff', '9bc810b6-b8e8-4a58-996e-a893859e57f8', 'Prévoir le contenu de l’espace enfants : jeux, coloriages, tapis', false, 2, '22222222-2222-2222-2222-222222222302'),
  ('3a4f77c7-5c56-4d49-abfc-49e5381b429b', '9bc810b6-b8e8-4a58-996e-a893859e57f8', 'Confirmer avec le traiteur le menu enfants et les horaires adaptés', false, 3, '22222222-2222-2222-2222-222222222302'),
  ('0460df7e-7981-4679-9cd2-05bc7f49355b', 'c99b326a-dda9-4c32-80ef-eb25f875194d', 'Identifier les personnes âgées ou à mobilité réduite dans la liste des invités', false, 1, '22222222-2222-2222-2222-222222222302'),
  ('e685c1f3-d3de-41dc-bd3e-30232b1c7964', 'c99b326a-dda9-4c32-80ef-eb25f875194d', 'Prévoir leur placement à une table accessible : proche sortie, sanitaires, sans marche', false, 2, '22222222-2222-2222-2222-222222222302'),
  ('7c1e7871-200a-4383-8953-15717ac19a90', 'c99b326a-dda9-4c32-80ef-eb25f875194d', 'Anticiper leur départ anticipé et prévoir un transport si nécessaire', false, 3, '22222222-2222-2222-2222-222222222302'),
  ('5ccb53c4-dfcc-448c-a023-960f65d01c48', 'db38d14c-9fa2-49e4-bd9e-9e57466c6f6d', 'Choisir et préparer l’urne ou boîte sécurisée', false, 1, '22222222-2222-2222-2222-222222222301'),
  ('c97d2926-2019-437a-953b-7bba4b3b85a5', 'db38d14c-9fa2-49e4-bd9e-9e57466c6f6d', 'Désigner une personne de confiance pour gérer l’urne toute la soirée', false, 2, '22222222-2222-2222-2222-222222222301'),
  ('b21bc37b-ae3c-4f52-9071-d53cf66ab23f', '3391ae84-d623-4d12-bb07-6abe34b0a33c', 'Établir la liste de colisage : ce qui part de la maison, ce qui vient du local, ce qui repart où', false, 1, '22222222-2222-2222-2222-222222222302'),
  ('2d5a8259-f875-4ecb-83ce-ef13f9ced05c', '3391ae84-d623-4d12-bb07-6abe34b0a33c', 'Désigner l’équipe de rangement post-soirée (distincte de l’équipe installation)', false, 2, '22222222-2222-2222-2222-222222222302'),
  ('554f6213-73b8-4149-bbfe-7fd7694863e7', 'cdd8ba67-998b-40cf-9851-34f691bf9402', 'Constituer la boîte à urgences : ruban adhésif, épingles, médicaments de base, chargeur, monnaie, anti-moustiques', false, 1, '22222222-2222-2222-2222-222222222302'),
  ('d51df4fc-a560-4842-9a50-2aab584c75ea', 'cdd8ba67-998b-40cf-9851-34f691bf9402', 'Préparer le kit couture / tenue de rechange pour incidents vestimentaires', false, 2, '22222222-2222-2222-2222-222222222302'),
  ('db347543-9fb4-47c1-a2d0-7d9b8a9d53eb', 'cdd8ba67-998b-40cf-9851-34f691bf9402', 'Compiler la liste des contacts d’urgence : prestataires, propriétaire du lieu, médecin', false, 3, '22222222-2222-2222-2222-222222222302'),
  ('6a6be155-5a17-4566-ab11-b23d406e4c52', '393cbbb4-0cbf-4a2c-b235-33e05d514f1a', 'Valider l’installation déco avant de partir', false, 1, null),
  ('cdebe97e-d4ab-45dc-9b80-bca44c1fa922', '393cbbb4-0cbf-4a2c-b235-33e05d514f1a', 'Faire le tour de contrôle final de la salle', false, 2, null),
  ('56d91101-4a04-4609-b642-246ab6f44073', '393cbbb4-0cbf-4a2c-b235-33e05d514f1a', 'Rappeler aux intervenants des discours leur ordre de passage et durée', false, 3, null),
  ('761b00ff-9ce1-4f52-a1dd-9e484e1d4109', '393cbbb4-0cbf-4a2c-b235-33e05d514f1a', 'S’assurer que tous les référents ont reçu le conducteur imprimé', false, 4, null),
  ('9c2722c4-9af6-4359-8c85-97ce730ee4da', '393cbbb4-0cbf-4a2c-b235-33e05d514f1a', 'Préparer les tenues respectives pour le lendemain (rangées, accessoires prêts)', false, 5, null),
  ('bf47dddb-750f-4470-9367-ceb4766d6cfe', '393cbbb4-0cbf-4a2c-b235-33e05d514f1a', 'Confirmer les horaires de chacun pour le lendemain matin', false, 6, null),
  ('7c97ff14-7aa5-4fd6-9b15-9ce11ed892b1', 'bf716015-c2ec-4e53-91ee-82c1914f193c', 'Récupérer l’utilitaire loué tôt le matin', false, 1, null),
  ('f17510cb-ab5b-4aa4-bf78-f9f569bb967e', 'bf716015-c2ec-4e53-91ee-82c1914f193c', 'Organiser le chargement depuis le local avec les cousins mobilisés', false, 2, null),
  ('121e303b-9384-4f71-9bb3-961a559fb2f2', 'bf716015-c2ec-4e53-91ee-82c1914f193c', 'Acheminer les boissons au Grand Arbre', false, 3, null),
  ('83749ef2-a159-4002-b169-fb5d0cbb8a99', 'bf716015-c2ec-4e53-91ee-82c1914f193c', 'Superviser le déchargement et le rangement dans l’espace prévu', false, 4, null),
  ('0dcf6942-d1aa-4b87-b4ad-ba3725097c4c', 'bf716015-c2ec-4e53-91ee-82c1914f193c', 'Organiser la mise au froid : champagne, despé, jus, coca dans les glacières / frigo du lieu', false, 5, null),
  ('83b2747a-9284-43db-b276-4149ffbfb4f5', 'bf716015-c2ec-4e53-91ee-82c1914f193c', 'Ranger et sécuriser le matériel bar de relais (glacières supplémentaires, seaux, pinces)', false, 6, null),
  ('e7a19e32-8624-42e5-b81e-024128f2fcf4', 'bf716015-c2ec-4e53-91ee-82c1914f193c', 'Vérifier les quantités à l’arrivée vs le fichier Excel de stock', false, 7, null),
  ('ec1f3230-944a-4cb8-b206-c483d7db89c4', 'ebd92d10-7d52-4921-b0f6-3c1bfb1d56b1', 'Installer les éléments structurants en premier : backdrop, arches, nappes', false, 1, null),
  ('a93c9174-9abc-4e10-9a77-6c45e92d6bf5', 'ebd92d10-7d52-4921-b0f6-3c1bfb1d56b1', 'Disposer la décoration de table : centres de table, marque-places, bougies, numéros', false, 2, null),
  ('de0f4601-a440-44de-8dd6-717ab54d3487', 'ebd92d10-7d52-4921-b0f6-3c1bfb1d56b1', 'Installer la signalétique : plan de table à l’entrée, panneau bienvenue, numéros de table', false, 3, null),
  ('efebe3bd-f0f5-4889-945d-f0609afef679', 'ebd92d10-7d52-4921-b0f6-3c1bfb1d56b1', 'Tester et ajuster l’éclairage décoratif', false, 4, null),
  ('a88b7a0b-2872-40f2-b7d2-022748c56db3', 'ebd92d10-7d52-4921-b0f6-3c1bfb1d56b1', 'Réceptionner les compositions florales du fleuriste', false, 5, null),
  ('4534b4ee-49a9-4293-ae19-dad433c2af48', 'ebd92d10-7d52-4921-b0f6-3c1bfb1d56b1', 'Vérifier que les compositions sont conformes à la commande', false, 6, null),
  ('88567a44-9c0c-499f-a105-5ceb59a52dad', 'ebd92d10-7d52-4921-b0f6-3c1bfb1d56b1', 'Mettre de l’eau dans les vases si livraison anticipée', false, 7, null),
  ('57be9d7f-c6f7-4ae3-be76-d035411d1273', 'ebd92d10-7d52-4921-b0f6-3c1bfb1d56b1', 'Photographier la salle terminée (à envoyer aux fiancés pour validation)', false, 8, null),
  ('b065a151-5a8c-417a-8308-fbf933d52c13', '964bcb16-cf91-4427-b5db-596195594e8c', 'Réceptionner les spécialités malgaches et indiennes commandées — vérifier conformité', false, 1, null),
  ('cc6c673b-c6dd-404e-bb13-c10e50afa608', '964bcb16-cf91-4427-b5db-596195594e8c', 'Superviser la préparation des spécialités guadeloupéennes à la maison', false, 2, null),
  ('f8c4498f-b291-4920-b15d-c1c872dc76f6', '964bcb16-cf91-4427-b5db-596195594e8c', 'Préparer les fritures en grande quantité avec la marmite dédiée', false, 3, null),
  ('ad4da727-adbf-4b69-9089-7d072d9b8ada', '964bcb16-cf91-4427-b5db-596195594e8c', 'Conditionner toutes les spécialités dans les boîtes de transport adaptées', false, 4, null),
  ('c70f4eae-d225-4aea-a0f7-6f6a54d617cc', '964bcb16-cf91-4427-b5db-596195594e8c', 'S’assurer que tout est prêt et conditionné pour le lendemain matin', false, 5, null),
  ('bff504ad-7bc5-40b2-9b6c-5eb5567ce4c1', '964bcb16-cf91-4427-b5db-596195594e8c', 'Ranger dans un endroit frais et sécurisé jusqu’au transport le jour J', false, 6, null),
  ('009411cb-d51e-4849-bedf-e1307f758ae0', '530d94d6-6354-4043-92b8-61c5d29bebf7', 'Confirmer les horaires d’arrivée de chacun le lendemain avec tous les référents', false, 1, null),
  ('7b53c6ff-43eb-4aae-a239-03aa92aafd34', '530d94d6-6354-4043-92b8-61c5d29bebf7', 'Confirmer avec le Grand Arbre l’accès pour le lendemain (heure d’ouverture, point d’entrée)', false, 2, null),
  ('6f47fb4a-3573-4961-b790-8463ccaaf137', '530d94d6-6354-4043-92b8-61c5d29bebf7', 'Confirmer l’heure d’arrivée du DJ (16h30) et du photographe/vidéaste', false, 3, null),
  ('41a3d83b-5d09-4314-b776-add443984c85', '530d94d6-6354-4043-92b8-61c5d29bebf7', 'Imprimer et distribuer le conducteur à tous les référents', false, 4, null),
  ('0e462280-0684-40e3-b12f-9033d6658d56', '530d94d6-6354-4043-92b8-61c5d29bebf7', 'Vérifier que les enveloppes de paiement espèces jour J sont prêtes', false, 5, null),
  ('55a72537-35ef-42a0-890f-ed38c74bf1fd', '530d94d6-6354-4043-92b8-61c5d29bebf7', 'Rappeler aux intervenants des discours leur ordre de passage et durée', false, 6, null),
  ('617a1203-4e4b-44e1-bbf6-94e6ae2284af', '530d94d6-6354-4043-92b8-61c5d29bebf7', 'Préparer la boîte à urgences (si pas déjà fait)', false, 7, null),
  ('765db7ff-70f8-4a5e-81d2-4d18c0bacb82', '530d94d6-6354-4043-92b8-61c5d29bebf7', 'Organiser le stockage des boissons au Grand Arbre selon le planning de refroidissement', false, 8, null),
  ('b63a2e1b-e57b-48c5-9f85-dc3c0103a8cb', '530d94d6-6354-4043-92b8-61c5d29bebf7', 'Vérifier que le champagne est bien au froid pour le lendemain dès 17h', false, 9, null),
  ('7202aaba-e950-4583-bc54-fc62522d5e83', '530d94d6-6354-4043-92b8-61c5d29bebf7', 'Calculer et commander la glace nécessaire si livraison possible la veille', false, 10, null),
  ('a3874004-f690-4d5e-a5df-96d7050839a4', '530d94d6-6354-4043-92b8-61c5d29bebf7', 'Confirmer que le plan de décoration par zone avec photos de référence est imprimé ou accessible', false, 11, null),
  ('6a9ce4af-9448-43e7-ac72-83377c3da5d5', '530d94d6-6354-4043-92b8-61c5d29bebf7', 'Vérifier que les marque-places et numéros de table sont prêts', false, 12, null),
  ('21e86daf-dffc-46d5-abc8-be78f06fd6d8', '530d94d6-6354-4043-92b8-61c5d29bebf7', 'Préparer les panneaux de signalétique parking', false, 13, null),
  ('55e338a1-7d7a-4f04-b0b6-ceca1b87ad8e', '530d94d6-6354-4043-92b8-61c5d29bebf7', 'Tour de contrôle de la salle : déco, boissons au froid, mobilier en place', false, 14, null),
  ('5f3bcff1-95f0-4fca-b36d-4e6925b68cf2', '530d94d6-6354-4043-92b8-61c5d29bebf7', 'Vérifier que les bonbons piments réunionnais sont réceptionnés et conditionnés', false, 15, null),
  ('81aa7364-d0cc-419f-9389-34ad37d7e90a', '530d94d6-6354-4043-92b8-61c5d29bebf7', 'Vérifier que l’urne enveloppes est prête et placée à son emplacement', false, 16, null),
  ('97790b37-857a-44a6-92a9-9a604dc45f36', '530d94d6-6354-4043-92b8-61c5d29bebf7', 'S’assurer que rien ne manque en comparant à la liste de colisage', false, 17, null),
  ('4e218564-04cc-42cc-8358-74eb4310068f', 'f58d2df2-c4d9-490e-9d9a-b77c54dc8fea', 'Être prêts (tenue, coiffure, maquillage) avant 17h00', false, 1, null),
  ('5e758c15-7ed6-47cc-a79b-9153586b9f08', 'f58d2df2-c4d9-490e-9d9a-b77c54dc8fea', 'Donner le signal de départ du conducteur au coordinateur général', false, 2, null),
  ('ae2b3eaf-7c19-4fa5-9b71-2b56f94c0d00', 'fad34db7-8af9-42bf-9537-5b868cd65c1c', 'Accueillir le DJ à 16h30 — lui montrer l’espace, vérifier branchements et soundcheck', false, 1, null),
  ('50270977-c7e7-433b-b978-d1cb829d6ddb', 'fad34db7-8af9-42bf-9537-5b868cd65c1c', 'S’assurer que le DJ dispose d’eau et d’un espace de pause', false, 2, null),
  ('75db6c2c-0ac8-454f-bf5a-65cde761eafc', 'fad34db7-8af9-42bf-9537-5b868cd65c1c', 'Accueillir le photographe/vidéaste — lui remettre la shot list et le conducteur', false, 3, null),
  ('edb9c039-d4dc-4709-9b62-90763b190395', 'fad34db7-8af9-42bf-9537-5b868cd65c1c', 'Lui présenter les personnes clés (famille, témoins) dès que possible', false, 4, null),
  ('1c778401-bbab-4b65-967f-ce2201c6454c', 'fad34db7-8af9-42bf-9537-5b868cd65c1c', 'Faire le tour de contrôle final de la salle avant l’arrivée des invités', false, 5, null),
  ('aed8e2ef-a828-4661-8f5f-94994230d0e8', 'fad34db7-8af9-42bf-9537-5b868cd65c1c', 'Vérifier que le micro est opérationnel', false, 6, null),
  ('63e1cbb0-ee99-493c-81a4-871fdaf88ebe', '6ab5ad4e-fe6f-4189-964f-0f03cb7d71cd', 'Synchroniser les montres / téléphones avec le DJ et le photographe', false, 1, null),
  ('17ba0ed1-be5d-4b15-9952-2cc989abb46e', '6ab5ad4e-fe6f-4189-964f-0f03cb7d71cd', 'Superviser le positionnement des placeurs pour l’accueil des invités', false, 2, null),
  ('5362a3c7-dc84-4a1a-8e68-154645514cf4', '6ab5ad4e-fe6f-4189-964f-0f03cb7d71cd', 'Donner le signal de départ du cortège à 17h30', false, 3, null),
  ('d598ef83-1ce9-4c12-9c3d-b41680354e10', '6ab5ad4e-fe6f-4189-964f-0f03cb7d71cd', 'Suivre le conducteur minute par minute pendant toute la cérémonie', false, 4, null),
  ('cc151fe8-90aa-41bf-9060-0bad16b86cf7', '6ab5ad4e-fe6f-4189-964f-0f03cb7d71cd', 'Communiquer avec le DJ via signal discret (geste ou intermédiaire défini)', false, 5, null),
  ('292a9a22-869a-4dfa-a2c8-b99b8eea0c73', '6ab5ad4e-fe6f-4189-964f-0f03cb7d71cd', 'Alerter discrètement si un retard se creuse', false, 6, null),
  ('b5bf714a-ac3e-4c5b-808a-91a205ef5386', '6ab5ad4e-fe6f-4189-964f-0f03cb7d71cd', 'Superviser la transition cérémonie → cocktail → salle de réception', false, 7, null),
  ('a601cfa1-7460-452e-9861-cb76f58aef08', 'a4475eb8-6c1b-4741-a8f2-89755aea471e', 'Confirmer l’heure de début du service avec le responsable traiteur', false, 1, null),
  ('a2de98cf-146d-4b1c-a1f0-ea8e3e04faa2', 'a4475eb8-6c1b-4741-a8f2-89755aea471e', 'Surveiller le timing entre les plats pour rester dans le conducteur', false, 2, null),
  ('5177e74d-5878-44bd-ab81-0ca30a63dff2', 'a4475eb8-6c1b-4741-a8f2-89755aea471e', 'Signaler au traiteur tout changement de programme', false, 3, null),
  ('3f03916c-7747-4478-96f9-00d1fd23f23e', 'a4475eb8-6c1b-4741-a8f2-89755aea471e', 'Signaler au DJ les transitions importantes (premier slow, montée dancefloor, clôture)', false, 4, null),
  ('03d85232-75f8-49d8-9d54-30795e9d5e8d', 'a4475eb8-6c1b-4741-a8f2-89755aea471e', 'Valider avec le traiteur les horaires du dessert (23h00), café et départ de l’équipe', false, 5, null),
  ('20f7ae2a-e98d-4336-a8f2-86b5f02b3e03', 'a4475eb8-6c1b-4741-a8f2-89755aea471e', 'Confirmer l’heure de fin de prestation du DJ et la musique de clôture', false, 6, null),
  ('a65e78d4-77eb-4e4e-93f8-425b24ccf92d', '3130760a-158f-431e-91ce-6a829e8d13b3', 'Poser la signalétique directionnelle depuis l’accès principal', false, 1, null),
  ('52a22a27-5956-415f-a968-d0a228c9d461', '3130760a-158f-431e-91ce-6a829e8d13b3', 'Bloquer ou signaler l’espace fond de parking réservé aux fiancés', false, 2, null),
  ('52502136-289b-44bd-9e02-0f248856ea80', '3130760a-158f-431e-91ce-6a829e8d13b3', 'Orienter chaque voiture vers l’entrée du parking', false, 3, null),
  ('44a35027-eb38-40f1-8290-d9192cc3a0a5', '3130760a-158f-431e-91ce-6a829e8d13b3', 'Avoir le contact du propriétaire du lieu pour toute voiture à déplacer si nécessaire', false, 4, null),
  ('7bff55cf-7de0-4126-aa9a-ac7abab6008f', '3130760a-158f-431e-91ce-6a829e8d13b3', 'Informer le coordinateur général quand les arrivées se stabilisent (vers 18h15)', false, 5, null),
  ('772817df-1673-48b6-894b-b4c142a01c7b', '716a1543-b3ed-4a1b-afe4-cac08776f62d', 'Vérifier que la signalétique d’accueil est en place (plan de table affiché, fléchage terrasse)', false, 1, null),
  ('5eba5ce8-3860-49d8-9f78-1c16a09af8ee', '716a1543-b3ed-4a1b-afe4-cac08776f62d', 'Pointer les arrivées sur la liste de présence', false, 2, null),
  ('5956f4b0-f3a5-4535-9ca7-387d95e1cfef', '716a1543-b3ed-4a1b-afe4-cac08776f62d', 'Orienter chaque invité vers la terrasse cocktail', false, 3, null),
  ('a909f6b1-e3fe-406b-9403-b2e54d31c28d', '716a1543-b3ed-4a1b-afe4-cac08776f62d', 'S’assurer que les boissons d’accueil sont disponibles dès 17h00', false, 4, null),
  ('6d68b4fe-7ece-4f37-a7d4-71a7393e9e30', '716a1543-b3ed-4a1b-afe4-cac08776f62d', 'Gérer les arrivées tardives avec discrétion pendant la cérémonie', false, 5, null),
  ('fe698744-4e87-44bd-ba6a-1550ac94e94a', '716a1543-b3ed-4a1b-afe4-cac08776f62d', 'Faire le tour des tables pour s’assurer que tout le monde a bien le marque place qu’il faut', false, 6, null),
  ('043aa355-bdff-40ca-a62d-7466bba13f76', 'e9dd28ef-694d-4d3f-99ce-5aba177bcf7c', 'Rassembler les membres du cortège à 17h20', false, 1, null),
  ('7bc18117-f858-4977-b00d-b025e53957f3', 'e9dd28ef-694d-4d3f-99ce-5aba177bcf7c', 'Vérifier que chacun connaît sa place et son rôle', false, 2, null),
  ('d8618c5e-6ace-4758-ac2b-1a95717fde41', 'e9dd28ef-694d-4d3f-99ce-5aba177bcf7c', 'Coordonner avec le DJ le signal de lancement de la musique d’entrée', false, 3, null),
  ('f302f0ff-c390-4bfb-9f3b-0549a1951830', 'e9dd28ef-694d-4d3f-99ce-5aba177bcf7c', 'Donner le signal de départ au premier rang du cortège', false, 4, null),
  ('e4d94e3a-8d28-4565-bd40-50ccf83386f6', 'e9dd28ef-694d-4d3f-99ce-5aba177bcf7c', 'Briefer le photographe sur le déroulé du cortège juste avant', false, 5, null),
  ('1aa65f06-043f-453d-8a03-59f3f6151d35', '5cd280fe-ba98-4004-9299-1805cc30fdd8', 'Tester le micro et le retour son avant le premier discours', false, 1, null),
  ('c31dfabb-01f5-4271-b942-8fe71a907a27', '5cd280fe-ba98-4004-9299-1805cc30fdd8', 'Coordonner avec le DJ la musique de fond éventuelle', false, 2, null),
  ('55c5224f-bbb4-417b-866a-079a8657373f', '5cd280fe-ba98-4004-9299-1805cc30fdd8', 'Annoncer et remercier chaque intervenant avec fluidité', false, 3, null),
  ('8ebff5aa-ecbf-4fa5-8e1f-2100e6ae75e0', '5cd280fe-ba98-4004-9299-1805cc30fdd8', 'Gérer le timing discrètement si un orateur dépasse', false, 4, null),
  ('5491f75c-c5a4-425f-94f9-4df66fda5004', '5cd280fe-ba98-4004-9299-1805cc30fdd8', 'S’assurer que chaque orateur a son texte (papier ou téléphone chargé)', false, 5, null),
  ('e64670d1-bec8-4f33-a829-a93dcd05b517', '57f886c1-43b0-41d1-84b6-1ceee29dadba', 'Vérifier à l’ouverture que les boissons d’accueil sont en place et au froid', false, 1, null),
  ('b80ac01e-45d0-424f-98f4-cf3d0bc72bcb', '57f886c1-43b0-41d1-84b6-1ceee29dadba', 'Superviser le service des boissons pendant le cocktail', false, 2, null),
  ('e9c4d7ac-b761-4620-ba61-8595a4218882', '57f886c1-43b0-41d1-84b6-1ceee29dadba', 'S’assurer que les tables sont régulièrement resservies en eau et boissons pendant le dîner', false, 3, null),
  ('9b415be9-f3a9-4bea-ac43-9904386f45d7', '57f886c1-43b0-41d1-84b6-1ceee29dadba', 'Prendre le relais du bar officiel à 01h00 avec le matériel préparé', false, 4, null),
  ('2017a2db-b570-40c0-99d9-581832d33fce', '57f886c1-43b0-41d1-84b6-1ceee29dadba', 'Gérer le réapprovisionnement des glacières avec de la glace jusqu’à 04h00', false, 5, null),
  ('b1a1e026-2030-4fab-abe5-81abcf9f3ef3', '1418ad31-414a-41c2-9da2-ff0482d5b862', 'Installer et ouvrir l’espace enfants (jeux, coloriages) avant leur arrivée', false, 1, null),
  ('086c6711-6324-419c-b137-726cce1a4adf', '1418ad31-414a-41c2-9da2-ff0482d5b862', 'Superviser les enfants pendant les discours et moments adultes', false, 2, null),
  ('3a3c5ffc-0884-4496-a03e-58b8bd0b7631', '1418ad31-414a-41c2-9da2-ff0482d5b862', 'Veiller à ce qu’ils dînent à l’heure adaptée', false, 3, null),
  ('7921d967-d2db-4422-bcb9-574b8fa4377c', '1418ad31-414a-41c2-9da2-ff0482d5b862', 'Anticiper les départs des familles avant minuit', false, 4, null),
  ('01a076c5-cad8-47b9-855f-699e47ba101c', '05962237-c1c5-4a12-a7bd-0965fd710a32', 'S’assurer que les personnes âgées sont bien placées à leur table à l’installation dans la salle', false, 1, null),
  ('079a4ae8-0a04-402c-8921-2c42d3b92d1b', '05962237-c1c5-4a12-a7bd-0965fd710a32', 'Vérifier leur confort régulièrement (chaleur, volume sonore, accès aux sanitaires)', false, 2, null),
  ('3cfbba74-c44d-46b5-b3d8-9ac605d2d576', '05962237-c1c5-4a12-a7bd-0965fd710a32', 'Organiser leur départ anticipé et leur transport si nécessaire', false, 3, null),
  ('37c72c5b-27b2-4eb5-9985-7e573840ff9a', '05962237-c1c5-4a12-a7bd-0965fd710a32', 'Alerter le coordinateur général si un problème de santé survient', false, 4, null),
  ('3a566a02-c5b0-4bfc-8a55-58f93d1030a1', '20b41aa5-4939-480f-b043-3a128306eb3a', 'Poser l’urne à son emplacement visible et surveillé dès le début', false, 1, null),
  ('560cfd3b-50e2-416a-8405-35916417ec04', '20b41aa5-4939-480f-b043-3a128306eb3a', 'Surveiller l’urne tout au long de la soirée', false, 2, null),
  ('474496f7-4abf-4739-bbad-0b1325b46c9b', '20b41aa5-4939-480f-b043-3a128306eb3a', 'Réceptionner et sécuriser les éventuels cadeaux physiques', false, 3, null),
  ('616a6653-8c11-41f6-adfb-bb2e6117317e', '20b41aa5-4939-480f-b043-3a128306eb3a', 'Récupérer et sécuriser l’urne en fin de soirée (avant les adieux)', false, 4, null),
  ('3d02c3de-2b22-490a-b5aa-eb72a460bafa', '20b41aa5-4939-480f-b043-3a128306eb3a', 'Remettre l’urne et les cadeaux aux fiancés ou à une personne désignée', false, 5, null),
  ('2ef5962a-ac66-48f5-8b06-16467f26bed7', 'c795654f-4e44-42b6-801b-41f89422dec2', 'Avoir la boîte à urgences accessible toute la soirée', false, 1, null),
  ('47e0ca7b-144f-4947-993e-dc49c3ea0659', 'c795654f-4e44-42b6-801b-41f89422dec2', 'Gérer les incidents vestimentaires (kit couture)', false, 2, null),
  ('e358d2bf-4da6-4ccd-b146-f29ff860b3c1', 'c795654f-4e44-42b6-801b-41f89422dec2', 'Avoir sous la main les contacts d’urgence (prestataires, propriétaire du lieu, médecin)', false, 3, null),
  ('130f7a74-9cb6-43ff-bc3b-d53b0e0257f4', 'c795654f-4e44-42b6-801b-41f89422dec2', 'Prendre les décisions rapidement selon le protocole établi en amont', false, 4, null),
  ('cd129189-71d3-4919-8d30-ce93a24573cc', 'c795654f-4e44-42b6-801b-41f89422dec2', 'Remonter uniquement ce qui nécessite une décision des fiancés', false, 5, null),
  ('3ed769b9-8869-48a8-a924-775f19cd22bf', '0b905cf0-10e1-429c-b1dd-83eed6d69319', 'Acheminer les spécialités maison (fritures, guadeloupéen) vers le lieu de réception', false, 1, null),
  ('cc44dab6-50bd-4a61-b2f3-4124978a546c', '0b905cf0-10e1-429c-b1dd-83eed6d69319', 'Vérifier que toutes les commandes sont complètes et conformes à la réception', false, 2, null),
  ('60fbd70e-213b-45a5-896e-57f7caea8424', '0b905cf0-10e1-429c-b1dd-83eed6d69319', 'Bloquer l’espace fond de parking réservé aux fiancés', false, 3, null),
  ('4ff4c2da-7add-4981-a2e9-8aaf03f4779d', '0b905cf0-10e1-429c-b1dd-83eed6d69319', 'Vérifier que le micro est opérationnel', false, 4, null),
  ('9276b1dd-3bf5-4790-a188-e0cc6289c16b', '0b905cf0-10e1-429c-b1dd-83eed6d69319', 'Vérifier que les boissons d’accueil sont en place et au froid', false, 5, null),
  ('7335071e-a059-4c71-85bd-ed4074b4b6d1', '0b905cf0-10e1-429c-b1dd-83eed6d69319', 'Vérifier que l’espace enfants est installé et prêt', false, 6, null),
  ('6a49736f-6aef-4226-8e97-c17c04cce4e6', '0b905cf0-10e1-429c-b1dd-83eed6d69319', 'Vérifier que les plats spéciaux (restrictions alimentaires) sont signalés pour le service', false, 7, null),
  ('1d6a96e5-d005-48b6-9a38-fbfe28737b50', '0b905cf0-10e1-429c-b1dd-83eed6d69319', 'S’assurer que les tables seront resservies régulièrement pendant le dîner', false, 8, null),
  ('7dc2373e-9d79-4cbc-9980-f376c1a92dd7', '0b905cf0-10e1-429c-b1dd-83eed6d69319', 'Relayer les consignes météo en temps réel si la nuit devient fraîche (châles, fermeture terrasse)', false, 9, null),
  ('13fabd9f-bda3-4536-aad4-3a8dd2fc08e6', '0b905cf0-10e1-429c-b1dd-83eed6d69319', 'Surveiller les prévisions météo J-7, J-3, J-1 — avoir le plan B intérieur si cocktail en extérieur', false, 10, null),
  ('738d802a-e46b-47e4-aec8-ca6b0cb110c4', '0b905cf0-10e1-429c-b1dd-83eed6d69319', 'Réaliser les paiements des soldes restants aux prestataires qui partent', false, 11, null),
  ('ae7e435d-b1c2-4f06-ae10-b5f22e0a8c7b', '0b905cf0-10e1-429c-b1dd-83eed6d69319', 'Récupérer les bons de fin de prestation', false, 12, null),
  ('7773a6aa-ea4b-4b91-a83e-5b60ef1d04f8', 'e02b7375-230d-4dd7-809d-db09fe0e9c29', 'Dire au revoir aux invités qui repartent', false, 1, null),
  ('5aac76b9-172e-4136-a561-f8ce41e95f36', 'e02b7375-230d-4dd7-809d-db09fe0e9c29', 'Vérifier avec le référent enveloppes l’inventaire du contenu de l’urne', false, 2, null),
  ('ae4fe4f6-ea78-4ce9-9868-926fdf0f3d04', 'e02b7375-230d-4dd7-809d-db09fe0e9c29', 'Valider avec le référent logistique que tout le matériel a bien été récupéré', false, 3, null),
  ('9c5bae30-1051-4dc9-8395-5822b4125b33', '1f0dbb38-ccb2-41dc-af67-8c0fc1ab42f0', 'Superviser le rangement en suivant la liste de colisage établie en amont', false, 1, null),
  ('7f4c7151-fbc6-4ac7-9348-e41f1cc31ac0', '1f0dbb38-ccb2-41dc-af67-8c0fc1ab42f0', 'Trier les éléments : à rendre (location), à conserver, à jeter', false, 2, null),
  ('249ebb4e-7870-44be-bf2c-5b68392987c6', '1f0dbb38-ccb2-41dc-af67-8c0fc1ab42f0', 'Emballer et étiqueter les caisses pour un retour organisé', false, 3, null),
  ('48839fe9-005b-4127-aeef-e4222dd49e30', '1f0dbb38-ccb2-41dc-af67-8c0fc1ab42f0', 'Vérifier que rien n’est oublié sur place : vêtements, cadeaux, matériel photo, effets personnels', false, 4, null),
  ('674faf07-0f5a-45db-ad15-9302798c4f4c', '1f0dbb38-ccb2-41dc-af67-8c0fc1ab42f0', 'Retourner le matériel loué dans les délais contractuels', false, 5, null),
  ('dfce1828-5691-4a48-b60f-0cfadf69df1f', '1f0dbb38-ccb2-41dc-af67-8c0fc1ab42f0', 'Rendre l’utilitaire loué si pas déjà fait la nuit précédente', false, 6, null),
  ('e88736e0-edbf-4ad1-8693-42e82544d920', '1f0dbb38-ccb2-41dc-af67-8c0fc1ab42f0', 'Ramener le matériel personnel à la maison', false, 7, null),
  ('408fd736-428b-4c29-979c-933cbea85cc5', 'c636efbe-0e9b-4fe3-82cc-40a92b13d0b7', 'Démonter les éléments de décoration', false, 1, null),
  ('be2a5a6c-192c-4344-83d7-1f41f0f1bc97', 'c636efbe-0e9b-4fe3-82cc-40a92b13d0b7', 'Trier : éléments loués à rendre vs éléments achetés à conserver', false, 2, null),
  ('fbfe0b07-7d6a-451f-bd37-d222e9f950d8', 'c636efbe-0e9b-4fe3-82cc-40a92b13d0b7', 'Emballer soigneusement les compositions florales à conserver si souhaité', false, 3, null),
  ('28c66e40-0b9f-4f30-a394-00fa6469b1bf', 'c636efbe-0e9b-4fe3-82cc-40a92b13d0b7', 'S’assurer que le lieu est remis dans son état initial (mobilier replacé, nappes retirées, etc.)', false, 4, null),
  ('41d68edc-6093-44ce-8d1c-f15262a82faf', '0d7c03d7-bb01-4ecc-a68e-df4f3e7f949c', 'Inventorier le contenu de l’urne en présence de témoins (Jordan et/ou Sarah)', false, 1, null),
  ('582f803a-2e4b-412f-ad0c-9c2cd56328c0', '0d7c03d7-bb01-4ecc-a68e-df4f3e7f949c', 'Lister les donateurs pour les remerciements personnalisés', false, 2, null),
  ('5d8ee229-3790-4988-b51b-58360fb7e91b', '0d7c03d7-bb01-4ecc-a68e-df4f3e7f949c', 'Remettre l’urne et les cadeaux physiques aux fiancés de façon sécurisée', false, 3, null),
  ('d604f1d5-6b47-4044-ad96-260df744e0c7', 'a0b79609-efb8-4e47-8cce-39db9fffde1c', 'Faire l’état des lieux de sortie avec le propriétaire du lieu', false, 1, null),
  ('3384d7cb-fa33-4289-8d30-c66e9438638c', 'a0b79609-efb8-4e47-8cce-39db9fffde1c', 'Vérifier les conditions de restitution du dépôt de garantie', false, 2, null),
  ('f2b37359-a8e5-4e97-8810-c2e4b238da81', 'a0b79609-efb8-4e47-8cce-39db9fffde1c', 'Prévoir des sacs poubelle pour le tri final des déchets si non géré la nuit précédente', false, 3, null),
  ('b283d454-d51f-4e52-a637-277b2d780473', 'a0b79609-efb8-4e47-8cce-39db9fffde1c', 'S’assurer que tout le matériel loué est restitué ou organisé pour restitution rapide', false, 4, null),
  ('4dabf104-2397-4d67-a9b0-3a4148ad4886', 'a0b79609-efb8-4e47-8cce-39db9fffde1c', 'Être disponible pour accompagner les invités vers leur hébergement ou leur transport si besoin', false, 5, null),
  ('d6b6dd56-8714-4322-91c9-980af39bb8fd', 'a0b79609-efb8-4e47-8cce-39db9fffde1c', 'Vérifier que les invités venant de loin ont bien leur moyen de retour organisé', false, 6, null),
  ('185da9a9-8c74-4c2b-9405-11c55001d2e7', 'a0b79609-efb8-4e47-8cce-39db9fffde1c', 'S’assurer que les personnes âgées ont un transport retour sécurisé', false, 7, null),
  ('8658fede-1a99-4b30-ba2a-6e50dfdd5c74', 'a0b79609-efb8-4e47-8cce-39db9fffde1c', 'Retourner les éléments de location dans les délais contractuels (matériel lumière, glacières, utilitaire)', false, 8, null),
  ('84061d76-94f5-44f6-895f-c2516e2470a4', 'a0b79609-efb8-4e47-8cce-39db9fffde1c', 'Vérifier qu’aucun élément loué ne manque ou n’est endommagé avant restitution', false, 9, null),
  ('b0ada145-d497-44cf-9b26-c20b58d5b996', 'ea5e8ccc-131c-4efe-bc26-dde70a432459', 'Envoyer le message de remerciement aux invités (préparé en amont)', false, 1, null),
  ('b8e8de6f-9874-4b6b-8f81-193d9f78bd20', 'ea5e8ccc-131c-4efe-bc26-dde70a432459', 'Envoyer un message personnalisé aux prestataires qui ont contribué bénévolement (DJ Djahman, cousins logistique, référents)', false, 2, null),
  ('adf67536-3212-40e5-97eb-b924bff2e891', 'ea5e8ccc-131c-4efe-bc26-dde70a432459', 'Remercier chaque donateur d’enveloppe nommément', false, 3, null),
  ('952a1801-1be3-4d05-9315-316232f23e99', 'ea5e8ccc-131c-4efe-bc26-dde70a432459', 'Remercier les traiteurs et fournisseurs externes avec lesquels tout s’est bien passé', false, 4, null),
  ('5c928d4a-1723-4565-a12a-42a758159c31', 'b971a327-507b-40dd-a81f-b313ce3b0023', 'Mettre à jour le tableau de suivi des dépenses avec les dernières dépenses (jour J + lendemain)', false, 1, null),
  ('d7321d22-0132-4f46-9d1a-be7a07f9a700', 'b971a327-507b-40dd-a81f-b313ce3b0023', 'Vérifier que tous les soldes ont bien été réglés', false, 2, null),
  ('5e0dfa77-5427-490f-9aad-c007147d1885', 'b971a327-507b-40dd-a81f-b313ce3b0023', 'Récupérer le dépôt de garantie de la salle si non encore restitué', false, 3, null),
  ('9f0e0d63-7452-4404-9e2f-90fee7f26304', 'b971a327-507b-40dd-a81f-b313ce3b0023', 'Clôturer la comptabilité complète et archiver tous les documents et justificatifs', false, 4, null),
  ('cf8c26f2-4283-45d7-9cf5-ae3d6420412a', 'b971a327-507b-40dd-a81f-b313ce3b0023', 'Archiver les contrats, devis et bons de prestation dans le dossier dédié', false, 5, null),
  ('6198ffef-07a2-48ab-9682-7f8080c868e7', '4ae261fb-56da-461d-8be8-f2b440ec15fc', 'Vérifier que tout le matériel loué a bien été restitué dans les délais', false, 1, null),
  ('ac190f31-dbe9-41a3-b70b-51dbdf5ced8f', '4ae261fb-56da-461d-8be8-f2b440ec15fc', 'Signaler tout dommage constaté sur du matériel loué', false, 2, null),
  ('11788634-bce3-4b3a-a3c2-6e227cc5c9ef', '4ae261fb-56da-461d-8be8-f2b440ec15fc', 'Ranger et stocker le matériel acheté (marmite, boîtes, accessoires bar, etc.)', false, 3, null),
  ('13e6caf0-6941-428f-834a-0fbbacd72216', '4ae261fb-56da-461d-8be8-f2b440ec15fc', 'Décider de la destination du stock de boissons restant (à conserver ? redistribuer ?)', false, 4, null),
  ('481bd7ba-b8c1-44d5-8e37-6a03245f18bc', '0f273311-1649-4b0d-8567-40d8cc47f7e0', 'Confirmer les délais de livraison des photos/vidéos avec le prestataire', false, 1, null),
  ('d97e512b-863f-4b3b-b02a-6391ccf03f77', '0f273311-1649-4b0d-8567-40d8cc47f7e0', 'Partager un lien (Google Photos, WeTransfer, etc.) pour que les invités y déposent leurs propres photos', false, 2, null),
  ('63424f4e-f3bc-4dbb-b722-6f47299a67f2', '0f273311-1649-4b0d-8567-40d8cc47f7e0', 'Récupérer et sauvegarder les photos du prestataire dès réception', false, 3, null),
  ('d592c4a3-6976-46cf-9648-375d22cab34a', '0f273311-1649-4b0d-8567-40d8cc47f7e0', 'Partager une sélection de photos avec les familles et proches', false, 4, null),
  ('866f07de-2a9a-4098-a547-df70d79f9be5', 'e1c76767-62f5-4456-921a-d00595583502', 'Retourner les derniers éléments de location si pas encore fait', false, 1, null),
  ('0bcc7f77-6e0f-42e6-ba2e-911e06d14965', 'e1c76767-62f5-4456-921a-d00595583502', 'Décider du devenir des compositions florales (conserver, offrir, jeter)', false, 2, null),
  ('482a951a-b963-4393-a154-8ed38e953d48', '48f89ddc-b1ca-47cd-8276-2bb08142b67e', 'Laisser des avis Google / plateformes pour les prestataires qui l’ont mérité', false, 1, null),
  ('90601fda-d313-4a56-bdf2-8fe2a852ff3f', '48f89ddc-b1ca-47cd-8276-2bb08142b67e', 'Garder les coordonnées des prestataires pour de futurs événements', false, 2, null),
  ('9ef656b8-2a52-461b-86bc-f2ce3f7fd986', '48f89ddc-b1ca-47cd-8276-2bb08142b67e', 'Faire un debriefing informal avec le coordinateur général pour noter les points à améliorer', false, 3, null),
  ('16fa88e9-d4a3-491f-b051-64018b19c858', 'c69da726-a962-4ce3-be31-e092502a680c', 'Rassembler les retours des référents sur ce qui a bien fonctionné et ce qui aurait pu être mieux géré', false, 1, null),
  ('786ec9da-9f8a-4483-8a50-43d3fb6b2799', 'c69da726-a962-4ce3-be31-e092502a680c', 'Documenter les imprévus rencontrés et les solutions appliquées', false, 2, null),
  ('489584bd-ab9d-43f7-96d1-0468f500136d', 'c69da726-a962-4ce3-be31-e092502a680c', 'Archiver le conducteur final annoté pour référence future', false, 3, null);
